Cluster Name,Median age,Present size,d_init50,d_init84,d_init97,L1_f,d_trunc50,d_trunc84,d_trunc97,L1_ftrunc,f_comp
ASCC_100,64.89169226976684,21.17595953,0.28104677639135456,0.4176216786428732,0.6471295574581988,0.1948664479524744,0.38164613801671765,0.698783668327884,1.4163222161183424,0.1560732822178067,0.9144835075188861
ASCC_104,121.69969224930209,32.1925292,476.7726221213368,871.2261237414501,983.3626492957121,0.1643492122568451,493.33234269257116,885.8789818930051,985.0760161565034,0.184576132341864,0.9789001245853338
ASCC_18,9.258259937680718,16.17178549,0.44905651704376587,0.6232379784194516,3.2099855598142453,0.0903268366861048,0.628170164757901,0.8487249191495632,3.2392184539527324,0.1033357487355612,0.9600776403433122
ASCC_33,215.38087153794248,21.41774125,0.3054278815608038,0.7336852912842802,1.8611674676491088,0.169309872253335,0.8323778916730289,2.9699983090364523,14.557698886781234,0.1359781566159557,0.8684409041580763
ASCC_69,72.8997787095197,26.99147009,0.24675600161170191,0.47747467479935296,0.9925908900563718,0.1469712343731324,0.921156566503515,2.9176037791889566,13.870238110536608,0.1058487144616549,0.8297037716331872
ASCC_73,158.2942975625824,38.92599533,0.31644170285119233,1.3350758202182724,2.832540305069277,0.1780232323213147,29.212489404569688,49.356421738875156,73.43273126720318,0.0847723059388813,0.9383311945268542
Alessi-Teutsch_4,132.9661671284302,28.05741319,0.1966283339506834,0.34830078562555916,0.6176878050620644,0.3202939353850408,0.4783648274863477,1.2013360097026868,3.1093719038149428,0.1572172188608023,0.688094611571172
Alessi_13,24.747879914382917,42.06589988,659.4143377402382,819.6371151521753,983.1647572938818,0.0584015670132771,666.9135660391761,879.9016341949527,989.7142619467764,0.059501114172684,0.9968671843532613
Alessi_145,168.0256754863736,82.18265609,0.30233140502398853,0.44747988540870176,0.7421173391655106,0.2665546636758421,0.5260806562600644,0.9379902890339935,1.7060189821561098,0.1440040941809064,0.859157248249339
Alessi_84,117.08428549224736,27.70300002,0.41978277362753513,0.735207998157502,1.4478734392398265,0.1411793124105195,0.4755939843097334,0.8759250467772097,1.5677980179705944,0.1462437629283992,0.987551663801289
Alessi_94,183.67498371035705,30.31966213,0.3123493556241175,0.466823209639219,0.8086147212751474,0.3444968462246442,0.3626129157106543,0.6505209626378976,1.095887967433809,0.2843393178080777,0.8929455508347279
CWNU_1007,19.32256869664477,40.02681759,93.85229503385524,110.73032663651091,169.63178557271655,0.0756074815879214,83.45074984387652,107.19134948511093,666.0704790618394,0.0688023370203162,0.9755453934600481
CWNU_1008,20.748401815941897,31.04734885,0.22458390609188217,0.3665273613115695,0.698194371685928,0.1903901977003217,0.22046315688289672,0.34960292324082004,0.5110641210128287,0.2104518238020616,0.9661073483290764
CWNU_1010,99.88719325602472,17.30531938,34.32267283568324,44.84041169593824,74.95071218899642,0.0989965521630049,29.08553110286849,46.187511942740755,67.35336138785425,0.0833349465128425,0.9569471415075538
CWNU_1012,135.15235263914195,65.14914652,0.35451132074469416,0.5781318605612201,1.0116685329518618,0.2035664121823571,0.39255166854395,0.6795018370373158,1.3787446488847568,0.207816352158958,0.9870899520284995
CWNU_1015,34.16014771552891,38.56190849,71.94555763780222,103.25627110264864,254.7371101273263,0.0759772670122232,29.75869259360716,81.43690405170399,262.06026759942216,0.090012791408108,0.9533770225553402
CWNU_1018,153.40723771462396,27.92963022,13.361616414076368,40.82056449125408,77.31595291455383,0.1259167604366081,8.444897759193006,10.461077266488243,43.291064796031506,0.1490002676355895,0.9365185392340549
CWNU_1020,34.23240566220619,41.37917607,40.913721177415624,46.91110453135103,122.64659403201635,0.0923292416601997,37.162180926979644,46.859080892325025,122.43232421982641,0.0831747504027788,0.9712848415356035
CWNU_1024,32.435611501317176,61.102492829999996,1.8866432677884952,2.691497377306929,4.605254543909834,0.1108388127523908,2.949761758144882,3.4647958656736337,4.635347545060266,0.0971456452178204,0.9801448260672839
CWNU_1031,144.4527020761081,15.573193350000002,0.3294422550115975,0.49669981749493386,0.8360608102825905,0.19033124629122,0.4755412388900622,0.9083794656796146,1.5977653169385313,0.1526955964602218,0.922176114635561
CWNU_1032,92.44780625412858,37.87334021,191.11275632477992,213.0427543345855,473.54312971254797,0.0629945019564087,197.61425621607967,320.8592777704486,500.5130380483474,0.0574844267813356,0.9946462890783432
CWNU_1034,27.489737957171247,24.440404319999995,14.079243881122732,44.136021890412366,87.85464333054239,0.2057759273874185,76.69078286069514,166.1369954006476,760.3643734762998,0.1309778647217452,0.8084446663177621
CWNU_1053,151.1996027028734,28.7436862,0.37599716237278547,1.4394592400487614,2.7257632779937078,0.1909557155511382,19.939381847866343,44.035710310656086,54.840300011496176,0.1126593959850322,0.9528379021432031
CWNU_1054,120.9126807499419,18.89825913,0.9193627826897829,2.0742588159796043,3.4846522718967945,0.1229907960835038,2.436298872033295,4.731205630202651,7.804198901695153,0.1359059762675455,0.9787050999721834
CWNU_1055,16.501080006401033,20.45345742,2.724459415858406,3.8318430468153446,9.30523814334704,0.1004444950451673,2.885022061838289,4.502145191961833,9.076777267989263,0.1171100635409031,0.9641455601548069
CWNU_1057,15.737151291657492,33.12977052,500.84931013848507,633.7346940709223,742.8942967815459,0.1294294116969471,547.9094827479511,627.0007114488606,763.3580142201696,0.1552478781007209,0.9566554838409577
CWNU_1062,23.844710279962616,23.10633822,1.7250501814760777,2.679510144254774,30.005493722420955,0.22887286643085,48.32987778068087,151.18253701381212,735.6277729964045,0.1186846857310831,0.8489114128015034
CWNU_1066,93.21775297441955,29.2282444,578.8124247915429,962.576519720971,994.0580804818952,0.0899726106029453,598.116548795277,964.331487153824,994.3410448733396,0.0903275993142401,0.9987275458870167
CWNU_1069,16.317312463241123,27.68453352,47.61848745799399,118.65370165887815,668.1117399123374,0.0785667353489042,25.00991953000078,49.77251413079276,677.4501337484887,0.0771293559052133,0.972540067482328
CWNU_1072,13.08789885332854,15.27909459,4.101176290734022,22.83353845123751,183.28259848003654,0.0813640135751275,7.460026026576142,22.324935543395487,193.0344547648557,0.1220590942696031,0.9031844080975213
CWNU_1076,110.82048334267083,40.81534508,0.23515041834695571,0.37566733139048464,0.5567614195240529,0.2724167923782761,0.2677217369868113,0.47636649995928365,0.7694615153223647,0.2177732436049929,0.8767015670715957
CWNU_1083,7.6706327438108595,19.40308988,31.751584538514056,119.62928152278799,821.1241106873694,0.0921448185393933,29.729716383915555,125.30651083219631,877.0064879856345,0.0940846191399311,0.9459295455381664
CWNU_1092,18.87802817811983,11.220570870000001,102.7569523768155,225.49138521649883,734.6056184232136,0.1122903223558249,111.2549813067651,357.8738793239195,868.0260127238141,0.1334710995572135,0.9773961443736512
CWNU_1111,21.54819911659939,14.347734460000002,174.60733109743913,368.34431529043746,770.2830943052796,0.1089949577719014,407.7372246406208,721.249978642467,937.8946498846523,0.092316238444939,0.934964453414815
CWNU_1121,55.0050976480216,60.3179053,0.2443644917904364,0.4289675451427433,1.122530165720918,0.1099155736311532,0.36939723522439877,0.7704682103512447,1.72287727014961,0.1046609992707071,0.9548861810166818
CWNU_1129,15.032246543367494,21.69637658,16.4619472882785,38.979346663125924,133.21671235087283,0.0724449551279199,7.508984926814907,24.448259941274745,135.21087473457004,0.0952105865344737,0.9640375550082639
CWNU_1138,82.44895204861683,69.06596497,0.34659965925275676,0.6103312267930778,1.528021536261892,0.1067305118233548,0.5775883762439665,1.204068628328564,2.147756809871774,0.0952887786955346,0.9680648223995161
CWNU_1142,83.65764214265567,31.60999368,0.46013080376380794,0.8685219718182254,1.8234203719691096,0.1008655819876273,1.458968467383212,2.4059480620996316,3.593481372742776,0.076253846029598,0.9579716340187264
CWNU_1143,18.48681733266862,17.29161428,1.8175933359099403,2.5389736870630464,5.438178300541494,0.0673286277988958,2.1932344792708145,2.8650996482557547,5.173752601227911,0.0651931564069459,0.9813824513843563
CWNU_1144,23.596925424650845,47.49768823,8.38055317096183,9.707775779808697,540.5776426412837,0.2302243276008973,8.367251356530259,9.685034474759023,538.5200558035959,0.2369598734577119,0.9918710932856412
CWNU_1150,65.60039433490078,19.84812147,535.9169684663618,889.1090326479672,983.3393888737285,0.0570371198593417,573.6501745327286,903.3727492954188,985.4485100896524,0.0652564418579843,0.9916323761412859
CWNU_1173,100.12381751356575,45.2766322,0.7614316589542006,1.6588137552587214,2.7188487385994216,0.1147902642180744,2.1479964031460757,3.3076264840237477,4.41675881793869,0.0939688027889421,0.9714414761298575
CWNU_1178,36.82866275900987,27.621450149999998,6.073789539343644,19.029121641047908,67.13838248402952,0.1357497112016277,6.932319713663622,9.980673239216905,28.850362548988386,0.1607029524579857,0.9187959606675772
CWNU_1183,45.87640520444701,48.73536885,0.22692330494619042,0.4582999666225444,0.9921316570687916,0.1728076566553322,0.2533663936315992,0.6219848049305307,1.356512057814494,0.1726935751198722,0.9594302075204253
CWNU_1205,20.23197967288804,24.68078592,1.469891428389618,2.242017803502546,24.883427391679824,0.2066550416290223,21.719725220706856,51.42797570885235,279.9526051626601,0.1184776686615472,0.8777339528290533
CWNU_1256,74.34296877414062,18.52097932,0.23249738206934611,0.42496995826967443,0.974670156782659,0.151738437811355,0.41766153300381337,1.06025473051052,2.1534083349254525,0.123087318736751,0.8991752317358606
CWNU_135,177.9029337590701,25.435527379999996,0.2917659171834941,0.5415868102722563,1.1454948276200256,0.2289474883536404,2.2388364638677656,17.97503374194015,188.31634970041617,0.1408901875905841,0.7362815730807218
CWNU_14,175.12268207210292,16.96698375,0.3852380769370042,0.6630044877777407,1.4805728198764831,0.1115762026303574,0.7597002689462479,1.6659104079380105,3.0890715394417736,0.0997509585839551,0.9413987447655625
CWNU_174,131.97451358251584,60.18012071,0.40409930595553895,0.8252876450746336,1.631957141010548,0.1525456090681166,6.144106149139354,31.438444747478748,93.68692953884015,0.1323980974979327,0.8637518165639743
CWNU_232,129.63745603967234,31.167815200000003,2.2871340015576007,40.62628568246257,49.05898067829651,0.1094791604418023,26.23268585741577,44.642756375252105,59.76561272941165,0.0673720807190024,0.9600299216639181
CWNU_311,49.06238882698277,38.73790544,0.24849935193286588,0.527593802236247,1.3944761026957082,0.1222446183584988,0.5817105216962415,1.3825560976615012,2.3279058932300285,0.0842868743061033,0.9522810201777846
CWNU_313,39.61360438193059,36.97612121,41.29004391861096,47.13225982880295,81.6319867522467,0.1512037144058518,67.5396638249075,112.47101387670749,249.21196537504298,0.1062585343302954,0.8478293674301823
CWNU_410,75.96984144523009,22.14571818,34.82643279750225,45.86611249992668,90.37382169488177,0.1220218519603581,30.906355259763462,46.081310015704986,75.12333092831155,0.0930174388360235,0.957830121091952
CWNU_435,36.573668990814085,19.73080148,42.09347440965263,55.9016376778955,105.37611051325948,0.1515319296504221,52.7550743061111,109.69882065660741,342.0630411192791,0.0895994054487076,0.8784872712494499
CWNU_515,21.30763849778869,23.87348984,8.104352284763541,9.985835859178904,120.93705757284958,0.1727058191706378,7.960163746370392,9.4559911761867,122.28778665224318,0.183030049062223,0.9733431671345031
CWNU_531,97.78017945839248,22.29204585,0.42702560693451785,1.1435979184861074,2.2783246968287854,0.1125303041752478,11.85715374735468,40.77418470178735,105.96673920590597,0.1208201254217194,0.9056689488854326
CWNU_77,70.96312463207605,52.12312162,0.2698713286257123,0.44951234124815254,0.7162179690992689,0.2158608039388884,0.45578247486240553,0.8125239355340647,1.6849267927016613,0.1464950934105292,0.8642500735258407
CWNU_88,14.803133302944744,39.55650133,4.157259846693646,12.165987251911243,55.95296854650897,0.1256065551506524,5.692144026715773,10.118639247543873,35.4973037462877,0.1970129290226126,0.9192933561297516
Collinder_471,4.784121272131516,17.15335419,7.8086861057382,10.171908886886483,155.51354213865633,0.1044749906170947,10.259833639791985,20.898103999823626,560.5896531228539,0.1253498249822996,0.9976133357850441
Delta_Cephei_Cluster,67.34509346666763,35.76079172,0.5285026809401514,1.430304071090212,2.595769985144282,0.1560566572040276,3.3250468687755155,4.63364069618561,8.63068213444697,0.0913154369217265,0.9536265038869814
FSR_1017,15.689206890514342,17.72974033,550.5726364849857,739.5217090078191,900.9203038457364,0.2704286207558227,541.9638158221602,722.3979877277931,896.3381605738015,0.2826350292540386,0.9823767697943097
HSC_1,74.16002712750031,46.78080223,0.20956731392886985,0.395849888072104,0.810126603763521,0.1463734512660229,0.23967293658955527,0.47153760997996674,1.0508653144385287,0.1652237005760432,0.9614158196042797
HSC_1005,98.6555018204241,20.65625435,310.0255028318958,645.6408954076993,921.2936964714062,0.0844748639688893,392.6389310823561,743.4139654962254,955.4319150177121,0.0964732641517609,0.9492572802117926
HSC_1030,153.91895281903885,103.77181064,0.6252711519660901,30.422833166657917,45.34151609967088,0.1641479284242633,78.74446983267268,121.22158386131125,611.68458591009,0.0829841824597125,0.9301886870157412
HSC_1033,155.7808036607863,89.58379613,0.3543811910384728,0.6090350965856908,1.1498860284936783,0.2031863364824016,1.9370491788074031,4.231332316180548,7.559726556083797,0.1071285345881369,0.8803606743328845
HSC_1054,154.99702056090362,24.74111377,8.688384905606558,40.02700465383269,62.441652513497736,0.0770738702485623,10.551924763760455,34.59955008485517,60.39531008225321,0.0775176328034142,0.948488239710996
HSC_1058,117.1326314328349,75.74548279,0.3617331534114818,0.6307858056694419,1.4722293687043602,0.0959220121260333,1.1132078455179293,1.9052075594340567,2.9481452422745,0.0738563260743893,0.9252925975571906
HSC_1068,40.04355532655514,23.590245260000003,0.2473068052726571,0.43710448866407897,0.8474080338400918,0.1447592838364153,6.315247193177846,113.90869726357613,682.2019816558367,0.308806151543754,0.7736810490681606
HSC_1131,97.04966262869397,64.13314388,413.8082710083054,816.1562020771587,978.5478055811762,0.0920408926611726,512.0209181684493,919.943646463423,989.351602907008,0.0854670507017794,0.9940177976290003
HSC_1139,132.7281221506445,28.04738674,0.4141240683254797,0.9270799074968613,2.0429714502237224,0.108965301011353,1.28361723784862,4.781137487031516,20.34258791897465,0.1130449299470259,0.9373440866581869
HSC_1140,216.82347474100342,38.48831877,0.2956908541066467,0.7304295122972757,1.8645512487002083,0.1992939316191423,0.8940716409428325,3.991652034726059,25.923965078214685,0.1671090873217229,0.8111249142385081
HSC_1149,142.97389542565685,51.49525662,0.42020673429737243,0.7751114287757946,1.298681789356628,0.1848512367849833,1.6661238862552683,4.407891589642967,14.251531809170327,0.1107623943358012,0.882076171658933
HSC_1155,202.5894288232324,73.10462565,1.0129052024659886,37.79393760673699,50.74453006345345,0.0897411407249962,13.789117603260408,38.14747450217893,57.61113398816282,0.0583883194663929,0.9602479601416808
HSC_1165,109.91745138301488,40.33061058,0.4018407738081951,0.9058336671915889,1.9990204422675681,0.0896412884524713,0.6897206637673509,1.6042221492391402,2.9100141649168485,0.092180432723314,0.9702412469724778
HSC_1176,124.14242653009289,34.89346057,0.24049999043258874,0.3749633964980866,0.5902481310326482,0.2403289380570326,0.46827442307653105,0.9786284622047475,1.966676429740839,0.1022794719724921,0.8177376685580696
HSC_1224,116.09324216090316,75.53895084,1.6691986236932208,2.6221111791743557,3.589639840923887,0.0765660647086217,2.9080448041255584,4.474102052794445,6.290388426956136,0.0834676160503085,0.9769926532564329
HSC_1230,72.9832300146349,38.68122258,1.3838631158426071,2.525809521503419,14.353184660384645,0.0821655659896801,5.2315000574411235,10.69910850176668,41.11241739244782,0.1150715335505657,0.9471380369835201
HSC_1288,147.38481478387578,74.82833918,38.187354613086626,70.22827614818782,103.09226985778312,0.1442250071297455,62.6091894487947,95.27651835334578,138.34572916253046,0.0824796178994901,0.935057721755392
HSC_1314,117.47974089428205,73.63965604,603.6172318126327,971.6621338740698,995.5183331125301,0.1300337860580013,603.6227989185879,971.8385589449822,995.5465741759449,0.1299642218917628,0.9999601674797768
HSC_1318,5.532796794760258,7.23139787,451.6867974250775,834.9203031497614,958.3821790231182,0.1026925169110459,459.3464920580956,838.0866308063034,958.732088204679,0.1023040801679135,0.9998001444999337
HSC_1326,240.2584384126109,89.23832596,1.5836598665472297,39.925204561257885,77.59911917788199,0.0943657885040625,23.582809900348146,46.322932451918696,81.24196374445337,0.0890343154811337,0.9706605055597184
HSC_1330,238.5140077958384,105.6284931,0.30864916089854294,0.5478183677709512,1.4371625837630333,0.1969088828681224,0.5959697479784026,1.6619909468265057,3.8639172929024213,0.133101721000178,0.8188013818077735
HSC_1340,26.58365364863367,50.70857896,468.22264752405596,584.4319890211118,948.4464358851113,0.0616379943599908,468.6887494807864,583.883585492864,949.5945119308614,0.0616562450574061,0.9998098042975971
HSC_1368,46.78459023056687,55.29823186,882.8629887326673,978.8503874904562,996.6654984186932,0.2211012356761708,884.5620175409248,978.9736919922245,996.6851143525117,0.2229441603309716,0.9977182703190777
HSC_137,158.7208570902027,35.797002,30.106556588980393,60.760573975367556,110.98237326936672,0.0923586955664986,35.569251504557016,88.34964832903333,657.2162153367343,0.1258847396456623,0.9381589877666496
HSC_1373,44.49218352840981,63.60882633,594.5570654771544,860.6278739583443,975.0916979243354,0.0780081367910293,577.6384932573774,833.1586797349703,969.0296064217908,0.09254061192054,0.9870924220760131
HSC_1395,182.43890628661805,35.67623274,0.2392250944313152,0.4440540206617757,1.0833041868986484,0.3554964737253928,0.4588095717256897,1.5264581236802985,6.669805153715912,0.1907651271292132,0.6587923643766707
HSC_1426,79.80879065849011,28.3409595,116.50066992072603,435.19741144138965,840.664711531142,0.1619613931826735,63.198000836161825,460.90473743208315,882.1208295153642,0.1868058875428108,0.9800062311830045
HSC_1430,170.6524037587498,49.70143054,0.26945814735349394,0.4293174457014718,0.7857689925812716,0.2648794667354074,0.2808607414397689,0.4760836910363769,0.9485807410892576,0.2625510263809039,0.9649077078802192
HSC_1438,56.58493352209592,25.84712226,11.589023397080314,24.04658162577922,51.55452789444744,0.0526115425784844,10.241144559500254,22.735909370632168,52.31438923462409,0.0558534228766922,0.9917164620714891
HSC_1447,136.80131750375503,95.14221413,0.4230866471981539,1.4435695468137018,2.8526409578289074,0.1354853075623626,4.034176950111631,18.84883560284144,50.056617822655895,0.0903084565125574,0.9600388117373011
HSC_1448,207.80091713696305,50.31807203,58.237623367319216,91.0270021733964,554.5551636452673,0.0602005137615693,57.379496803031834,88.83179926101876,614.849158057314,0.0563973425091916,0.9845190278315876
HSC_1460,23.969550510852702,6.14685523,240.27336034366888,591.0897182234271,896.7562637446476,0.4037093236581091,242.3046952708297,591.4112384361957,899.8569963261733,0.4253569342574507,0.9803295379275412
HSC_1463,60.23072072504197,33.33859023,325.45103019380593,749.7613876203646,952.2855999473669,0.136696393598259,305.54819158635036,739.044763548923,949.2506988371442,0.1418259400460184,0.9953621527712602
HSC_1469,196.0918256956805,31.11405241,1.9225040098845385,5.336243968921122,32.983870561769,0.1063788805288801,2.4344059424337505,6.15986033340276,13.90703132447522,0.137707548552004,0.9664678088815545
HSC_1495,49.622590219247726,19.18758621,1.018507030444765,2.2240664607389076,6.249296244526256,0.1393401010427075,2.2988244517701153,6.438807220102738,11.08581319902557,0.1824898110729492,0.9576077102826386
HSC_151,76.34314728629855,28.91760236,10.175780430516564,54.052552587125156,121.56748616744508,0.1295986096732252,16.961869696842452,56.08915284930343,103.10653360730414,0.1366660298986502,0.9978099127669584
HSC_1523,13.035911097642511,10.31370751,526.7317336814525,724.1600370679818,909.1626526436538,0.2273803471179627,499.7425708644329,702.0669689807743,903.9970703147832,0.2550591434246971,0.9648492315606809
HSC_1531,81.44046974666425,20.568984479999997,333.9194657227073,632.9191961154083,936.744741936311,0.1021562026878086,403.28263514998736,791.5409383589099,969.4490814240917,0.1906881070403707,0.9242638282832805
HSC_1534,128.66455432198578,45.33059925,0.32400103846116546,0.6695687852169236,1.4269246332113563,0.1765560789865584,1.0525246238982675,4.195877852814524,24.4434565860358,0.1407086678798762,0.8765132210654973
HSC_1542,179.30267549144233,52.91705583,548.3733885192489,958.4068129618125,993.3840227506661,0.091577338871842,547.1350266110588,958.7271215011224,993.435890164774,0.0920283254850295,0.999011032863518
HSC_1555,128.04405226700896,64.72487502,0.4414866121641768,0.9557990750983248,2.067360445563614,0.0724366197874924,1.9995835788837242,3.751207968312661,6.417388724304706,0.0877261258071292,0.9648072683302726
HSC_1566,115.04399909433542,26.88961777,159.43071696594902,242.09789970151613,643.6927967323438,0.0577029487743115,286.8148372652178,650.1155584379893,918.7144761645967,0.0598232341674578,0.9548614162748588
HSC_1580,132.31184334688638,45.70536584,505.4506068901473,963.1940232023907,994.1576940339968,0.1123954094690909,511.9766074896941,963.6318734849406,994.2282939016638,0.1134993361367107,0.9985066216716818
HSC_1608,92.043337957674,44.83622156,0.3191680041934624,0.6211691549777716,1.4438008671903824,0.100838701746999,0.7577589737638061,1.8668204781885624,4.082800456315645,0.0880108028658467,0.9211768678619942
HSC_1624,126.95452648893982,42.77540377,0.23381109148292284,0.4350004631735238,0.8881501056555435,0.2176385418461903,0.5718028993717328,1.9306696627103404,7.152973738387542,0.1268085360717542,0.8037224326548283
HSC_1630,165.86989509980887,90.04542296,12.095588633746399,34.76491998167481,67.02752774112645,0.0664923471561627,7.3084686211018655,17.464567368851846,58.40222167339799,0.0644918732051606,0.9851365963244464
HSC_1633,6.0005009660253545,8.77946781,154.5488794333942,479.3089462928223,600.1583508032533,0.1412507290993256,431.0992494103586,568.8485711664988,722.0545107384334,0.2076613468001961,0.933899264058086
HSC_1634,110.29826474372496,22.41002114,58.82670053799617,125.39812259791653,477.6191652633368,0.0705960840687457,85.88399277719253,362.9373190650618,847.5863254268409,0.1503852201255673,0.8922996156674016
HSC_1640,16.615670451843133,38.89504338,114.06325820092732,128.14782641806673,561.868249887395,0.0845694062773284,75.39750768239861,138.21564619141006,566.5953365400198,0.0789657799817911,0.9821418149208374
HSC_1648,10.79140420837838,24.94717168,116.56586882779015,193.3117296318861,584.0623349375037,0.1403986436472281,331.1200074141087,564.7659073558804,690.183075347487,0.1907100636244698,0.928178782226052
HSC_1656,141.95341993833688,36.07292003,0.28961547978108987,0.4971899773558673,1.1480070818957429,0.1275943073081689,0.40707003164210986,0.9609771069483133,2.077927528570031,0.1139422491402874,0.9588061526538408
HSC_1677,60.24391540349937,18.40386151,46.05283704937181,94.89456935931588,111.75494771808977,0.1500082812700042,83.18017627104405,124.10190537786016,591.087007701382,0.0975950683362118,0.9013654755162215
HSC_1684,30.45389317489805,8.2675437,200.14569136767335,415.2110277027609,774.3655721478756,0.0999446239175833,422.2935309033988,740.9799332235261,945.3584795699517,0.0791953254338658,0.9342428031241472
HSC_1710,124.90807633671083,29.50037761,36.45183725585703,81.86537363016843,210.79541053373802,0.0609989554208248,27.710314954078473,80.63486586716029,445.8148767923574,0.0749444177964587,0.9764849508312533
HSC_1714,164.19905752000014,26.61204622,1.397218771127354,39.107385288945,51.29448397652151,0.0851553330342693,12.959326557771224,38.53807407062644,53.89542965387298,0.0557973088698674,0.9784692824329355
HSC_1733,64.34821882122313,52.18021235,22.277610742267733,364.8900053741876,740.4938822168538,0.1426265115108961,9.411949614083191,124.47036503788449,586.7479411765718,0.1622786515246085,0.9754551863531034
HSC_1743,129.2928920644579,56.29130984,569.497491355132,974.6674358293777,995.9988140320681,0.1308891520836421,571.9105586126481,974.850110513744,996.0279793301892,0.1310728410315856,0.9991288376142363
HSC_1746,179.47363543023533,79.2432258,28.8468998148249,40.06239788559146,51.70565392093318,0.0607327981076034,17.990844252677316,42.851269092989234,61.439425022693385,0.046046408691929,0.9777262398199029
HSC_1761,181.7425553255027,21.04652322,0.3174772633469036,0.8978715498076384,2.2934628178020513,0.142980995180169,8.254745600103893,33.09392926883969,60.14327969552697,0.0748753313294307,0.9165735877035146
HSC_1765,38.77256922103857,18.39254246,200.88528971931578,549.0525061807841,874.0963448243305,0.0848315101117593,292.34237070423904,686.7886637527972,936.8371489381074,0.114795024500613,0.9652625977193577
HSC_1766,31.84024640553552,11.938885480000001,322.74437062811876,622.0259089040011,862.3716746816825,0.0993085514257983,467.411048884029,760.8513643857046,948.1310478778582,0.0880250445414963,0.960879330117219
HSC_1807,194.9955767480741,29.712491070000002,0.2775312883504079,0.4437960604989379,1.0098778986425336,0.2773105244447159,0.461417248135483,1.003910791966777,2.2898219054381275,0.127900250847183,0.7480144312729593
HSC_1840,163.42046051646128,21.95820832,74.10057681886742,173.7464846030347,639.395928833624,0.0727124343936865,117.61728933553994,447.36140639378067,875.1678361133215,0.1164491057725046,0.9465606570156888
HSC_1843,174.5063681431983,27.75124684,0.5471776659693653,1.210044080155821,2.3418612059174606,0.1381305929473673,2.4653522148594846,7.908031248565188,43.50692388583736,0.1182550295195895,0.9267418456075381
HSC_1850,105.32986801819057,24.481751560000003,0.5275354632885964,1.5898356282555859,3.2536640585756977,0.1117178323924368,9.21586477986002,34.93653510161528,77.99218563927977,0.1048956233417238,0.9382396269000107
HSC_1856,86.30261396821068,22.28742406,506.7991745890875,850.7276835509132,975.9757956015325,0.1179687316449931,504.77149318075914,850.5763318829567,975.981488324766,0.1301913258286963,0.9933989918755225
HSC_189,124.70869080060126,34.44347837,34.669485097522816,51.64990019446701,96.60598621577083,0.0853257400562418,36.23136395954604,65.51212649828315,92.03873371747004,0.0608410150787219,0.9405957097513608
HSC_1894,20.88086088612176,15.58794749,0.21082703590271074,0.41135240661059647,1.1741737092330309,0.1837642224783647,8.601154181954728,48.05675721014193,479.88158752473726,0.1344927527667613,0.840495330275978
HSC_1897,89.41331363021963,28.05243586,0.8840814693872203,3.086559781649444,47.74790031053575,0.1727007544347494,252.62043900031352,639.9535681787266,933.1970934563967,0.1605317414196616,0.8824576002019561
HSC_1900,26.67250345150869,15.70483077,376.83252568639074,576.0503017975911,845.3795035243259,0.1088554284973368,455.04840109937,704.8176061023385,930.3293389514777,0.1051912810391286,0.975991717470464
HSC_1911,130.09287753789962,48.00042439,1.9223493147443034,32.98467627864379,48.629907269785555,0.0729763365991896,5.748444801055874,18.467187453414486,49.963363389840254,0.0595465116054197,0.976550155546772
HSC_1920,17.191722009918788,40.0530476,7.418786644563948,33.07903404321947,142.26499224363914,0.1045793236066524,9.972264246727729,34.104802843741176,218.97122731308338,0.184659333912406,0.860251431461785
HSC_1923,85.42201466898123,77.9344806,202.24341528095155,405.43591545565556,932.3257766007371,0.0991802187746262,262.47403954556904,591.9056249828593,962.0976629313288,0.1004053794567775,0.985209332956756
HSC_1936,27.2140833130387,20.42555033,0.5695343693148748,1.297633792948542,2.7208390497706443,0.1435475664360842,26.948323009849204,156.93857567225197,691.670082345547,0.2181409564919181,0.8686604524659491
HSC_1961,100.89641374990971,47.44424762,0.2538094273802069,0.3945404682246107,0.7282850648571094,0.1759990379877765,0.377754935455353,0.867056858390889,1.7530628652333444,0.1159712931683043,0.885356394916499
HSC_1964,87.8387223172756,59.46379508,363.43594434886313,855.233262404858,989.7546534382485,0.0508947692232901,392.4915298419072,967.3661981016372,994.8293266638377,0.0466312839411707,0.9947670646467822
HSC_1969,136.90228913285762,21.91824231,0.37327816181800716,0.7054747469659166,1.342975811967917,0.1611615550465796,0.543274393240234,1.2550076512124868,2.7144913140161906,0.1607970796150747,0.9207731635453635
HSC_1989,18.563029720366984,38.64466137,454.8060831644909,611.2167915392747,729.4147250491017,0.1718278318661459,494.85065190622714,605.8507902939434,737.58619458533,0.1843286054930753,0.9693024432498683
HSC_1998,58.81386901562337,33.82229027,653.9619127219013,935.0756280396928,990.0737318057428,0.1380984044049754,685.5701950606777,937.849748008734,990.4865640188067,0.1479522911643943,0.990194966569081
HSC_2013,162.95908219475922,20.85964389,0.2712332033940835,0.5219567409435297,1.2447189940184593,0.2695766073891814,0.27333771217530234,0.5318786885908612,1.385136320167457,0.2926604632969759,0.9660616520703903
HSC_2032,77.62157667035775,24.65374598,0.7239664516424126,2.071693709539645,18.320742481751815,0.1136993356302873,7.141840602212075,30.608116917813014,82.05813010827016,0.0967078096337234,0.9450125564589105
HSC_2047,94.19298716460314,40.13199379,0.7887379403447475,2.427549232975469,8.664127634114205,0.1712746562473438,0.5759004886970277,2.529937855831075,9.00723955406455,0.2011185242281194,0.9707850172470006
HSC_2068,26.34412995050887,15.80676224,0.24263648298877855,0.4629428234436955,1.0749391662005676,0.140939192551849,2.5219935868284655,11.649699330756404,74.6360808483996,0.1133604679724553,0.8543477755260379
HSC_2072,46.133761914329206,28.96051418,0.20295779848869638,0.38309317384404695,0.7259831936726441,0.1783529572337694,2.3486387662791124,15.943007359613313,203.31382454634587,0.1530560595364566,0.7855083440647342
HSC_2120,195.9928102043029,53.07876516,0.3467851305989817,0.8878554538126631,2.0079983404023234,0.1196789768980463,1.2435610972684308,5.842183875594293,38.2251438644234,0.1105048213169837,0.8807880895663871
HSC_2126,64.76943818990885,58.25157201,45.85469993823766,96.59116907273282,109.39630413371323,0.1259489530048811,86.52212736601575,113.48077048154202,301.3354773207148,0.071608610996908,0.909280254163782
HSC_2133,177.8429771563781,21.07371187,0.5775713280379585,1.6035800459702838,3.7375232673824015,0.4008180521360543,0.4308246073578562,0.9084429124150464,2.3976381993594797,0.4026778878065843,0.9931890678689668
HSC_2139,11.542014352012016,24.14576026,502.3709188109353,796.1516026362527,948.6751428141133,0.0973820447604498,501.9563911489923,805.3018064132058,955.2672424598912,0.0989235320548295,0.9948189171459848
HSC_2156,18.72275955686305,31.69490786,526.9139143832705,617.4599522564024,888.243454185762,0.2936168840966346,529.7194708687424,633.4941963508111,888.6591923088463,0.2946252529601315,0.9969573660076596
HSC_219,46.93258333810915,35.06188984,2.658881694660488,40.732049152690344,75.19192475667278,0.218411422417257,44.20003546176902,92.41388864501252,380.398588549772,0.1309059075214529,0.8775760508391728
HSC_2196,194.86138274607416,61.73454795,0.3436772900754447,1.1024237285515863,2.873651247174038,0.1970224071984641,28.73863096426964,68.03762261052552,452.30001727837407,0.1187710498273264,0.8525015882417396
HSC_2215,57.55659850852463,51.10892052,0.548392408657477,1.3107293202146795,2.304978505937155,0.1777035547795932,3.66059708877961,5.0206688853973835,7.217511789456571,0.0947441357369768,0.9391895662614239
HSC_2239,112.20103161711296,14.66452705,113.74775276594728,191.77911051259912,475.6910706056026,0.0951453823044309,269.0166306109272,658.877897071987,923.3535118921178,0.0680391233520489,0.9099296010344516
HSC_2244,86.87956544657673,26.72466017,400.3490595470564,768.7752340446807,968.8774132053865,0.1180153049301176,456.7931496182969,887.8614662837414,984.6225578503934,0.1491522053564237,0.957509444939406
HSC_2247,13.822303351772884,32.16327788,2.4781489985535705,3.455200027175828,34.08813450089618,0.1656903064603236,118.64517340231598,429.63856535204354,888.3419222859245,0.1494530673410211,0.84128114969636
HSC_2253,69.67989057725279,23.76836506,2.0904153292986045,13.604447940340517,54.02866348923079,0.0945420637588789,6.326388240481053,17.77127686088591,58.8634385714758,0.1229772965089498,0.9475999922832858
HSC_2260,71.01441111110518,38.14927719,0.25835726534540626,0.4520800522095308,1.0215326498370523,0.141807981466206,0.3846058723635239,0.850625742404751,1.7624545880713036,0.1361112930948892,0.9245240411930198
HSC_2263,80.983311203075,26.29260821,0.23430277423371543,0.4780354971799296,1.0791827927552637,0.2050175435211291,11.946263734476569,62.30525617795559,521.7015698713855,0.1554951798884155,0.8113555185764653
HSC_2266,144.87520049539114,28.74735442,433.40013796084213,780.0914210059929,970.9252474611453,0.1125671335244176,455.36599345276477,828.8905981125907,977.4077332388923,0.1639859587391936,0.9596526372852366
HSC_2270,46.77858061092904,15.58361402,1.582070604099696,3.4031731275211663,42.46331864556308,0.1193268017129261,8.237934563121046,30.735032505804334,90.61880878891533,0.1122860935775183,0.9248003675115103
HSC_2280,139.40123136250352,36.81052458,570.5688429205433,971.7279060563916,995.5288620333598,0.1649474297571112,568.266201007546,971.3763717310397,995.4725808480447,0.1653635846601827,0.9995019095712928
HSC_2282,148.16946746881902,75.63092363,0.29432697029648325,0.8322542117686177,2.1397034230691183,0.1710022824809659,9.232029502848336,35.590015078387864,64.22581880616757,0.0952568784948229,0.9138591190567859
HSC_2297,96.29975229030345,57.02656716,1.6501260419355455,31.623700047689837,74.13537883963284,0.142374107935483,25.196636179940654,62.4244978636513,216.51025980212785,0.0981455007449413,0.9250853124340848
HSC_2298,100.80838333183024,24.058605,41.47731121877722,83.13354211997701,113.86452069792556,0.0886639384434585,44.99938381285393,80.56679467832912,153.19919051897864,0.0905052844580858,0.9411450046821391
HSC_2303,79.54258853151742,70.87624738,0.8912201276193793,1.5271542913836593,2.6141042461305255,0.1108451222789346,1.7318337998196054,2.647729372699202,3.59569145988621,0.0964193148084808,0.9737880591191714
HSC_2341,239.79934913531125,21.2862886,6.392218000520099,34.3186745424937,74.58474145700102,0.0886734531446916,6.999439557650612,26.120624336529865,70.67656596425239,0.1138265154352445,0.9294159790953347
HSC_2351,148.01126145464204,41.93093541,0.44464684879203,1.1825178696750467,2.5004321389445074,0.1213463234272104,1.6370013371315104,5.449118898637119,12.7531540225748,0.1674658540602327,0.9607979739542193
HSC_2376,85.79192447864871,25.37014744,10.145435595885408,55.133714059103674,129.76780481012088,0.1100939368899558,13.917485832945463,52.758078741110644,115.39485933640604,0.1260348309274587,0.9872734529174577
HSC_2380,94.12098423502437,21.631844869999995,1.1381444613634846,2.8276375162115204,7.388519526199349,0.104974080533596,1.19900400636834,3.5260381471947624,9.33403214050716,0.1253317304691024,0.9693441222682839
HSC_2387,98.73092138672732,64.52618827,33.84934912397027,43.538960032860416,50.586785527405596,0.0886733653156536,31.782708133993502,44.06864561771699,53.773420171825016,0.0783010722256507,0.9860674684485888
HSC_2398,28.426408974645287,24.03846978,1.4452823762082097,2.5764236272367285,16.29041906822415,0.16580584025833,15.000657434032277,46.84702224167023,181.7606204751883,0.1638820736199454,0.9017344404668244
HSC_2407,144.49981464230444,60.80411077,1.4042930841847034,2.6565937179409875,3.6580758241290785,0.1284712633430434,1.9597185275910363,3.1314322752181396,4.438265522766999,0.127584688021107,0.9948042248198093
HSC_2408,127.60449114336376,41.23464653,0.25694002011891476,0.41189556635366226,1.0568755195452664,0.1773793967280033,0.6656537615945716,1.4448832428189586,2.69398709493606,0.0937916015914017,0.8960791961242475
HSC_242,118.5776229304392,38.11037204,119.31230782011009,194.0093135211576,224.55901581416242,0.0730601691574481,296.090393167269,665.5366095986831,921.6877246253963,0.0517870160959752,0.8945708607489633
HSC_2442,26.149380226810152,32.25616648,172.84895901791302,203.92883680413823,577.2954791757714,0.0938065834179748,185.09577589966582,275.84300825604004,627.4994400232956,0.0907772959623767,0.9904095222053568
HSC_2445,114.4893078941519,110.71640212000001,0.3499252196033118,0.6751916430292598,1.701189501572344,0.1387920118421869,0.5647537007747073,1.3490862901416771,2.529056237465301,0.1184901424893987,0.964332993731108
HSC_2449,57.57786803537943,47.4658974,0.6897949363673354,1.5474514004109714,2.5424820088058238,0.0988932473671142,3.148650954201875,6.591491607609663,22.11306562283785,0.0727252911059967,0.9436931867263173
HSC_2452,154.6724874752642,51.75985458,0.24924752121614122,0.5170363029232588,1.2582073330575563,0.2582423933932105,14.105531649307657,80.12006496220036,615.032066364537,0.1406983951119069,0.7539145260968731
HSC_2453,23.00183691822946,85.94137128,145.94192625898953,309.4512398765878,820.3380292677821,0.0923078999117041,144.1460919328925,532.7016733151161,866.4054705485955,0.0942524407419195,0.9975270365842299
HSC_2455,105.37162315060787,42.74256467,0.29188403067225505,0.5080673087005261,1.213736835644419,0.2058965725673619,4.918060838303299,14.313419518323734,51.16992603215018,0.1130368391821498,0.8348940646590167
HSC_2462,39.71457414330558,65.82044879,231.93290066211804,532.8311370229629,716.9539112978329,0.0514420755909259,479.0762987787796,720.3496219592831,925.2034248994711,0.048188862158362,0.966169292261444
HSC_2468,8.388289102179833,24.2847,80.05270508457951,88.73104917874484,444.6017764245402,0.1365741290348589,80.3593022214518,88.71429552103375,441.9795467840423,0.1360238866426467,0.9998288325692437
HSC_2490,246.1790491950058,46.2724052,0.4049024800920994,1.1897985456562135,2.9407304713823788,0.0964832753871139,8.40690891377809,50.09352140344229,394.35185505393997,0.1460640301240442,0.8585103911252692
HSC_2518,82.85359555132912,19.55669961,0.5212818754351174,1.1960938303851156,2.4180917796867654,0.0726662987859557,1.487841812900053,4.988301904397417,23.567675581208505,0.1330916765877562,0.9381133327635018
HSC_2523,6.974881764245866,5.81962466,146.23889047916128,522.1705468495891,854.7683176032712,0.0900954346156676,201.3735325549874,632.2777016158509,909.4362734594982,0.1081575382810494,0.9870486195662546
HSC_2585,65.19602836034943,63.17608015,78.15429324024528,100.69372798886029,129.23321069199883,0.0600439046708762,67.94581227454941,97.33965193687303,139.53377568426248,0.0620117205713728,0.9787802151337992
HSC_2597,35.45592499598588,63.02123224,784.247821372533,955.4761096254314,992.9087749491755,0.11801268826492,786.5428461066164,957.8781918511298,993.2983913819235,0.1211682064901874,0.9980098134448389
HSC_2609,107.93009765255563,23.3093943,16.17165276949064,46.61719756284695,93.59906788728146,0.1114243526173474,10.860534262163716,39.974207118658555,94.19851969352439,0.1332045243764423,0.9221366361016944
HSC_263,26.171870336310874,19.11817673,0.33144577144370224,0.886780703407365,2.2447299212951113,0.1119785747096072,0.46941370584942077,1.2588033263693015,2.621639954744795,0.1390994049843568,0.9520285161752996
HSC_2630,7.535310976145969,24.9601369,2.1869259354967543,3.2351037827286526,119.84073675484888,0.0884511815417091,2.5950933916433443,3.630761647030142,120.01051860488381,0.0975370087552493,0.972148155863777
HSC_2681,212.49453245057052,22.05276337,0.2704859066677713,0.5063821977096824,1.4472647377425287,0.2851558839546412,3.3301566277813075,21.21918161168325,120.10461351210178,0.1362011472811447,0.6615987805510486
HSC_2705,204.32267229200065,49.99357405999999,488.18172847461943,914.0121815481443,987.7371799947704,0.0970663149765636,477.501205302637,914.0504138789103,987.870404026736,0.1109335453887205,0.9869351378969348
HSC_2706,65.73100007882583,46.65770258,0.2128167444983761,0.4166131842040999,1.1330832805549813,0.2094111095935098,3.2553860723735397,10.45867056103053,45.95532624410639,0.1201953405611363,0.8441716442548233
HSC_2718,110.99595699827134,81.15289077,0.33329256500330406,0.4980765492067523,0.8634338438973077,0.1631595572311523,0.5424152414896576,0.9902934610509246,1.7408023136801896,0.1194200952936041,0.9002275601252783
HSC_2746,162.05766981171047,43.24277202,35.022015491228345,55.29392976014877,98.07242811373982,0.0865822952804092,38.32473964111503,69.37429237900956,95.50172481581302,0.0687311603355431,0.9577909339208555
HSC_2771,166.76211709971497,38.07651534,0.2993434725382916,0.742300069691622,1.7121819407738992,0.2093910958785745,13.801342933321287,120.51019337391834,706.6350048044641,0.1624682007904854,0.7686399211587396
HSC_2810,85.29474398741961,50.16895715,0.27560859108559477,0.4203764766308299,0.6835221581037798,0.1701296706023765,0.38737627898645566,0.7417850170959899,1.3639276623390402,0.1230682224449432,0.896576035151095
HSC_2816,8.632403258435556,12.06583974,16.736457209163056,27.175562310252033,198.82120629303418,0.1426926360137936,32.16952668420352,114.45314886379757,974.4317809846143,0.076410735230414,0.8905894389624126
HSC_2846,53.45718924351907,47.42661989,911.6711975062168,982.2868251798698,997.2114062136355,0.2450003819852838,911.8400822565949,982.2940566991499,997.2125533027115,0.2450818855146597,0.999876507445612
HSC_2850,92.49709855029225,36.50579481,2.588730117077244,37.999404904567754,77.60065811805265,0.1090296143344611,53.78482711245633,148.00714112898316,684.6523578785644,0.1371570429873346,0.885459881303739
HSC_2854,192.88579705552087,50.09535678,0.2419207422946512,0.42376826944041013,0.8811304382036085,0.2621156886156552,0.2972131964230905,0.6621505844225766,1.8669060305166811,0.2036153182592479,0.8275011501871694
HSC_2931,6.285917691226231,4.33009964,2.035245123405257,40.44523481230134,569.1854062765422,0.3077318701400343,1.9567058039457437,40.406748497510065,568.9779873426519,0.2957315297775237,0.9999835129358541
HSC_295,153.70970886951744,39.24711443,0.33664401527763615,0.8644664466638878,2.1335777865221606,0.0937266086764292,2.1364895261972316,5.015632176974924,9.666271551671576,0.106482084795609,0.9484926053261844
HSC_2953,218.29946934387937,75.39319263,0.327062824123721,0.8779127639024998,1.9155229678136734,0.1510465229387075,0.37560427871003044,1.2345979005658583,2.8292389451744846,0.1577742417234931,0.9741887822629053
HSC_2963,59.99232868443561,7.01312623,30.145111931321168,59.60859671621706,112.62985245814376,0.0757374737589579,19.452516070540742,54.13446629834018,130.17865996968817,0.1017666171454955,0.9223650467046632
HSC_2971,237.8312179896135,40.99195135,3.144217219848124,31.81211156612833,58.18700420949091,0.1192290607897704,7.186049015316244,13.33593361315249,56.88417820670883,0.1359154197085884,0.9619739913317767
HSC_2976,24.918467531589084,10.73211947,117.81564012005369,295.92099300732747,720.4153168245134,0.1401741656186904,138.6979259560275,488.4843223145637,881.902822149445,0.1629640278916067,0.9722167324239205
HSC_2986,7.131413847638152,19.71956085,564.6054602624951,601.0221542134943,851.7151430894761,0.265194120978297,566.1148178709506,601.0209408429946,851.7151430894761,0.2651958854969313,0.9999999921410458
HSC_310,92.54860351943344,79.5222948,32.052644030076685,44.47139944753042,60.289837166377254,0.073944530848749,18.6743634740534,41.22131984843089,61.303719517203675,0.0703245433084732,0.9729449409027678
HSC_381,30.657450096452074,37.91796568,0.35425785112127195,0.9296417352687557,1.522209924628315,0.1127058593665567,0.622304611900098,1.4391383312513215,2.1954277894618586,0.1013173901841961,0.9706657360803236
HSC_384,45.30740411336105,22.60736689,2.8659160758547886,39.846470137682104,74.18687388474486,0.2041512208049604,91.68449096665323,337.7253139329256,843.9325250045381,0.1126674560440903,0.8442357217243698
HSC_396,134.57146489390374,67.06979064,533.3909459703724,969.7252457940544,995.2080029042804,0.2538536190316421,533.3456262403496,969.6738049551276,995.1997538730916,0.254172552210174,0.9997791605008441
HSC_415,32.884943497761185,20.23986054,0.2200815441426355,0.4408551021655464,1.019528970480516,0.2120870568218195,0.20540423470524047,0.3792012026050088,0.7330632763524532,0.2366489961646918,0.964503554395603
HSC_427,155.52018707689976,16.99414583,71.56945965210913,103.15490964097248,131.84705709995566,0.0933390767361626,100.49598635739744,195.3824715811491,638.5974964603109,0.0711039665859637,0.9408528203239281
HSC_448,103.4095623237647,65.1850178,1.634459329673117,2.426345760885842,3.636327265180104,0.1775328862990201,1.6256038053137403,2.6905911566269713,4.560883554431641,0.182906445350915,0.9868516840127461
HSC_450,224.17386521234295,18.39119931,10.717380092993908,45.53622259268138,96.97428011513416,0.131243817917349,10.476737083495504,40.80583954271436,120.3891333196662,0.1413707068228152,0.9417679085285696
HSC_452,116.73565379947729,26.23534556,40.727075155580444,83.0748833991065,185.3641425090846,0.0704615765805592,34.53317678580105,81.90569933759325,321.58610572210625,0.0873306555405406,0.9609346061012563
HSC_453,244.32911392676647,69.71203569,146.08297097715328,260.2193181988178,924.8185866393608,0.0328380752370078,193.3884964901257,657.6021853701772,964.3384402155372,0.0306027522733827,0.990893953595083
HSC_467,83.48412890786229,14.883447980000001,74.66266630088992,114.00946962132875,231.69400865941046,0.1042417899486494,206.38996452710845,599.9426034313168,903.5326699807433,0.1036448003102677,0.9130908425307038
HSC_474,30.97879708647145,43.94362373,0.17404312092561916,0.2603044055487528,0.44496576281465,0.2417099349149365,0.5422254698538446,1.3267040098177658,2.628061368210413,0.1244439311875765,0.7695687637891787
HSC_477,43.01042856721316,22.91331769,155.36521924934812,416.2882722799036,830.6011640851124,0.162482354339806,84.36349567852338,371.1637869032563,838.6192775444432,0.2060275319755918,0.950873067742096
HSC_490,88.20127435966785,56.94388907,0.30403034494361947,0.577512552037969,0.9950448297170918,0.440081387849933,0.7367614537140155,1.9778565316658,9.278372338263607,0.2032575404324132,0.5469168822351007
HSC_508,155.32718085710772,35.11479499,103.00936241610151,196.72130700145033,618.1169208352215,0.0475005926374995,124.73830214258992,308.1521246499613,761.8801582840276,0.053489446333345,0.987810839856327
HSC_517,46.83881509781091,37.04049212,37.43425242789189,48.96349279485138,100.326957993771,0.0803902619331617,26.71492491233062,45.661884270235234,79.02874469058531,0.0833843525594622,0.9526671048859585
HSC_572,103.47918510405572,17.06430292,0.3596113864930355,0.9425867312495695,2.0937981881965864,0.1181804644484451,1.6618039313094763,4.077646887699232,12.918157972788249,0.0829886704430683,0.9441861312010648
HSC_575,128.38796642691972,19.42747284,0.6559791848854484,3.5778539671122114,50.79153537380195,0.1189108733141834,22.59101822334889,81.98062475450854,532.1261300014805,0.1164405694153414,0.934887214783981
HSC_594,144.78138272069887,30.97785079,0.3121104565652817,0.7722496542731566,1.726060529743451,0.2526905319177119,0.30684545948601494,0.7008442959831158,1.9474712678910775,0.2758849544622959,0.9840869054043012
HSC_598,163.06217468057272,33.07109371,95.56495514557676,179.08364798314904,568.3046371248454,0.0853254259030542,126.60265910271643,300.41983805768706,777.3654725299854,0.0894817997440498,0.9575832875672141
HSC_601,77.15437721225888,41.92294316,0.48240197666841506,1.1853018211771364,2.1790659704878643,0.1634974237658119,5.316297088898701,12.88028439997179,45.2093110623079,0.0974214098162059,0.9304171362715428
HSC_603,207.344877264362,42.58065647,0.21816163235893385,0.4319174100842909,1.3209273297154875,0.3947774933209463,0.7949875961962991,3.9535580595829924,39.0636334662342,0.1472072105258725,0.5791148713825441
HSC_606,102.11117178447722,25.18090675,0.4740807948416192,1.5787949576899478,3.498665925929175,0.1195039064902983,42.451718707323465,221.3661664382052,780.9742364353334,0.180507954276908,0.9020072695342398
HSC_633,57.46964441386596,103.98553085,102.46367114067102,112.32878380186084,123.92117583176116,0.0597652761888933,105.041054969271,121.66158061887504,174.27922499264102,0.053459065928377,0.9681846244530946
HSC_661,26.155481534552344,17.96856935,38.60954194195802,70.82836045594506,129.55428836459686,0.0820057249362511,26.810397043582903,59.463002537812805,150.39506284212095,0.0897812584778823,0.9354556151968066
HSC_67,14.047983873165252,7.04265794,1.9440227143593471,3.074682378205918,77.93285245549207,0.1343391037231594,41.73667011256563,215.58593404148118,774.3094783301901,0.1614072343208307,0.8682924336702849
HSC_673,62.57619183598568,56.18942517,42.83170321346033,90.73973618907708,111.60486767211648,0.0752630615737141,238.44867940528815,576.6172742761147,919.5511196157162,0.2340358943176962,0.8735863802129403
HSC_683,91.39069499493252,87.18588087,0.26253641926453913,0.493670310804802,1.1409520184006001,0.1372554641859751,1.4782966442937464,4.709694511862812,18.802462396661653,0.1449195886362585,0.860422943543291
HSC_691,141.80309503945793,17.48163739,0.3262200063173488,0.5701582258315736,0.9949360085391424,0.310355927454414,0.7564468291826044,2.6889951006778445,16.92854041866171,0.1579536033089031,0.7029005003265444
HSC_705,24.58119941321052,43.16590859,0.402826271696837,1.086723846069873,1.6229044030228905,0.2044894998132221,3.712743668043744,6.71840494239618,18.008716984769922,0.1131855185127597,0.9093777654341909
HSC_749,226.16228846872855,73.29736075,47.59291590610553,143.9994137659403,552.2034269056006,0.0821226735899315,49.32184042662146,141.15475886071562,554.9726293535019,0.0817403599446965,0.9996672195471876
HSC_751,183.84668357385016,24.75806159,0.3412989521232922,0.6222599028228932,1.3465714518007974,0.198893116446496,0.7026115477600059,1.9568217821124663,5.693637723154149,0.1321140698411625,0.8393021612586904
HSC_759,149.3354310976772,87.8849443,15.472668534957,44.433408761236194,53.18849536982791,0.0659209255749399,11.639374603601711,21.525127590204946,52.12924291898423,0.0597920713135866,0.9926438162920741
HSC_778,173.83838554756517,44.9633467,130.17174821943772,351.52249523141916,836.6444766713892,0.1096204147238973,258.3419421526601,695.6325958013042,950.2821676871207,0.1543246912157019,0.964595353532983
HSC_782,21.399508565660067,20.77875936,0.9719878061209876,1.5943476533462677,3.183059285803343,0.1144700935809664,1.0732901274846254,1.71015389825115,2.7383134698635274,0.127777146657066,0.9603029482291577
HSC_804,166.88960240276876,25.85998328,38.3484697627425,74.93069889504478,115.40060545648176,0.1715972557192618,178.1083371714421,576.899272239489,917.6838813497493,0.1273409696948289,0.887669632114096
HSC_873,22.16321655840054,8.65359718,4.211101797961873,21.161750744779614,113.62074831572029,0.0939794690401774,5.249935307523494,14.519384415500593,113.5858427681066,0.1035613455246343,0.9458051349906487
HSC_878,87.37533422407105,35.45143489,465.3097215808069,974.542631178573,995.9788854397653,0.202123092927708,458.05237873023236,974.5047482941399,995.9728359398222,0.2045264775766559,0.9978394130154888
HSC_889,142.0897074225295,21.62210619,0.42960992620563615,1.3243397265810206,2.9654000951081354,0.1609608615920102,16.701594620540025,63.35335033629989,440.0837495767353,0.1241723303875508,0.9068194679903189
HSC_895,169.92620956863416,69.68323193,26.817902478539647,43.74005427485066,90.95363041680916,0.1378216795518947,40.08521855527449,49.42051376583487,74.16750062340165,0.0970476729670121,0.9525820846030671
HSC_921,43.10306268300497,37.26295979,10.106407506396286,25.103092964596804,157.40421576389105,0.094147157153504,9.982507331375686,24.437709550846726,127.27838479053644,0.1018193636767078,0.9880843743810643
HSC_924,146.32369853359148,34.0335053,0.5585400593800154,1.7038117412058644,18.603476096123032,0.1606116964135689,19.07641259666258,47.3321488845938,85.39188209628466,0.125351527774349,0.9355281573390639
HSC_931,152.44078622048156,59.00365177,228.188850258052,521.1824436238088,811.7457815072488,0.0652467506177166,435.0366894301703,741.9359207485616,948.8139570835516,0.0539804795244504,0.9785122774879229
HSC_932,89.92334219163264,14.95221806,0.30117895601818034,0.6408214468286784,1.3688797631112835,0.1450052941605403,1.673174027912441,5.578108402312505,25.85759596367448,0.127508851873791,0.8873600734163679
HSC_958,40.71112277654684,89.6361339,0.34003730251154224,1.0671715751196345,1.820460806956974,0.095073654408689,0.8331108028053265,1.6932800684440594,2.7483334246178845,0.0957893659002022,0.9613129613293825
HSC_976,13.488521546063462,63.79405985,2.843343836425327,3.654147237947031,202.6416341863929,0.1654884181386875,5.059140509009805,19.085756110902857,963.3927392160685,0.1124916526129919,0.9354656114743504
HSC_979,183.08243503420675,64.23260484,0.33729930543013237,0.5945911640733823,1.5415594242454895,0.1176970437284048,0.5496868034410224,1.4592902352159616,2.946542826043526,0.1013530503848042,0.9473696558223816
HSC_984,103.3610922487803,69.92728926,0.229511453987978,0.4112713322742862,0.9679390809140743,0.1838598762731582,5.838600474736459,16.1631903904653,51.087830545163555,0.0967528073586855,0.8489897042024103
HSC_992,104.11956619709328,77.24503593,83.74008002633387,107.64074776858257,120.46838054239207,0.1126786813776898,101.67365245447161,158.01186654108295,235.97301357903592,0.0755063672818781,0.9507477757623521
LISC-III_3668,28.721784542358968,54.23069444,1.4831469185044674,2.2261067860530646,3.6498516365295877,0.2057934011135296,3.608960525983264,4.412839032815334,6.916618537230288,0.1284954513701574,0.9444678896203531
Loden_480,219.95908276777408,20.93916322,0.3233481834751042,0.5173834150406276,1.7317267024584577,0.3340303044089707,0.43691682774885027,0.9109064309808727,2.217784855236994,0.1935738485908207,0.6998347046162859
Loden_915,169.30196937830794,36.50473971,0.23734796617791845,0.3967808563675421,0.6710999776874874,0.3079614579011184,0.4488335694715313,1.0584703711453514,2.29956535921282,0.1345064749064502,0.7579010317377912
Mamajek_1,4.458729955985273,4.77857231,128.52453238853928,405.03730549532014,879.8515035871674,0.0947288707316477,236.33573631472217,591.1331442721274,883.1308796087728,0.1048221563852575,0.9449901837753133
Mamajek_3,16.66328989870953,9.08032931,349.20344648611234,564.0490326008638,856.8873574559142,0.1359434368698021,418.8000115846157,622.7539470014232,883.2841079007776,0.1463791535037945,0.9658125921528746
NGC_6882,82.70857912177775,40.16210272,1.3956273675028026,2.066248819851707,3.1682684054013563,0.0787151437432894,3.0319226764658667,4.148294195720945,6.432949393681998,0.0393128610673643,0.9747843562226891
NGC_7429,78.10502576592245,10.95214571,0.24216516702623858,0.37975730948669423,0.6763172719767238,0.185425232543653,0.8030558346556254,1.695145646368238,3.0503591547148585,0.0847446583674893,0.8921720530404234
NGC_7438,237.94875674402488,31.99738789,0.31249380578710306,0.5522898396463374,1.6344911941808462,0.2764267643023046,2.303841548499632,14.725907795388405,80.9881738713635,0.1325736367074603,0.628938333941873
OCSN_10,54.54966527049288,93.37968482,0.3506534492458614,0.9258950600984688,1.7339551281168635,0.1562086664160265,0.40826397834406003,1.0488916234115386,1.8653844405524298,0.1596563922105472,0.9880265871918039
OCSN_15,143.98605405164994,21.89990973,0.2879447819510142,0.4586579290627873,0.8883657295312649,0.2095744515659946,0.41387302104543877,0.9836918618041296,2.3497378796082105,0.1832274481633404,0.8829393369344652
OCSN_19,104.1121343933466,23.72052764,0.2606932567209999,0.451119012370191,1.110976523124711,0.1782292082713801,5.743739857007125,16.790055334619026,53.7923421681582,0.0857782459757041,0.8152604657699813
OCSN_24,55.61895309980857,18.01447885,64.97409031174041,100.75917902623084,117.54030397739992,0.1317363685051004,111.17729868105955,234.34542966859416,741.0552530910845,0.0910886464704818,0.890147823953277
OCSN_28,18.06267426061282,27.13748068,100.01582853067897,110.89192473924334,130.79509777477466,0.11029033711143,108.27869514263575,170.96959887557293,833.7297332051895,0.0700610045581659,0.9200873233100748
OCSN_31,74.05376268524219,26.16218833,799.679438265156,973.0301862031579,995.7372094960488,0.1485713318198709,803.8562857457501,973.0809265909623,995.7453225184872,0.1513926339458099,0.9956484986518988
OCSN_32,8.524825933619859,14.34062795,16.83609080432909,48.747648825584434,644.5241542080038,0.0937082609303019,8.215403442276333,37.71055561863391,653.7985576900626,0.0939876795346282,0.9547573107453946
OCSN_40,9.35136524558826,24.409850090000003,150.00402714764027,376.53332677924215,554.6845602630827,0.1183029775958244,376.19371687615126,441.2232532421438,592.8537884114558,0.0980151943337758,0.9746277618096483
OCSN_50,20.45954258775203,20.07214898,7.039260439776683,10.173587989125078,43.955552101459574,0.2116914029743326,4.180916539672868,8.587450620597064,44.4328902982128,0.2067426075557341,0.9877004265950917
OCSN_54,35.478959117065656,18.8916468,1.01184856375703,2.0264222792673423,10.743967389297511,0.1230451501180844,2.7410447996976703,8.912825859771775,22.55815855034965,0.195193208800705,0.9326711448434735
OCSN_56,11.373887282703905,21.08075644,2.2750896601284465,2.945114482850628,81.04776466319709,0.1863112425271055,17.34524752808156,41.05741923298307,642.1863632755727,0.1049013852716457,0.8780433561049392
OCSN_59,5.866273135482197,14.98333591,3.1851544838529104,10.862267441467933,17.238951574098078,0.1691254708831773,3.028021030832209,4.948657319034464,11.360607081892825,0.204176155123214,0.9399055017810989
OCSN_64,20.98343239450837,33.29441505,58.04106429906524,107.80372789677833,245.96535788723313,0.0787642525167426,34.04406854835055,94.95282788698636,574.2769733982883,0.108457694903596,0.9348306042372877
OCSN_76,37.00731783131637,44.85735183,0.22074834438836274,0.356980244434519,1.251344992638389,0.1963098090316385,1.2428072480406134,2.110668501916873,3.2903118448049447,0.1098544359879164,0.8756935105175588
OCSN_82,23.561807311088856,35.49011296,1.0063177490057704,1.5809526163774652,2.619826535829209,0.1095024887420537,1.4784382742949604,2.016289668480422,3.3568095460752745,0.1021218910283633,0.9592245246125698
OCSN_86,119.99484801724219,32.22172625,0.22464837820848876,0.3671163881682998,0.6310939659757308,0.3159739765109693,0.37307200295800874,0.7170977091500544,1.4138408061514702,0.1406198652370276,0.7415237910757382
OCSN_88,211.72646667461504,224.47525367,77.33427257065682,117.03186861857073,627.1640647365275,0.0492187918284801,76.90788551717593,117.53038404775745,628.565684701685,0.0483724193938606,0.9990363435211118
OCSN_89,37.296485537768895,34.85061578,539.6765609685147,960.0659404093044,993.6525263424069,0.2468937523235401,539.7961532030736,959.9841411996268,993.6392976102618,0.247098179748421,0.9999192437457628
OCSN_92,9.237039057948484,18.85206724,4.361005111395281,34.641672948306095,124.36223089701508,0.1223577209359972,4.490411430037678,17.380672935241176,124.54596475808286,0.117769284309734,0.9853605014447833
OCSN_98,4.452876292964106,5.61911914,40.04353082704813,42.25401882614421,569.301289790555,0.3462799355157527,39.25089318445108,41.716223091433264,568.2591313308761,0.3459984414783294,1.0000010140439217
OCSN_99,92.94523932039637,82.83722756,1.2450156965207708,2.3559051335437053,43.95823620492483,0.1610627649507257,14.878220981523352,39.029447920006874,51.398899291451336,0.1031735949192462,0.9669189831668803
OC_0069,41.21687963589345,28.632113450000002,0.7286902167387764,1.492598339425359,2.3859658674632853,0.1868992540190577,7.718096176221996,28.144504576450178,76.66920389271732,0.1096499925040819,0.8989999484985596
OC_0280,7.76199573908629,15.39085521,8.601013266255874,25.15755502899976,130.62638113310146,0.1297458022468373,7.649078729624902,9.180708859080807,129.66789214400035,0.1364827559348845,0.9810755393069389
OC_0322,5.344307640775698,13.8594031,197.64883699669326,452.96666710310393,672.5006673131339,0.0989234821316034,330.75878607489955,515.2050455078884,814.9138244547097,0.1196832151635655,0.9765840721997453
OC_0401,13.765660042827747,13.20779334,0.8978828758568187,1.3140522698176962,2.7393505714690973,0.1461588270198542,1.4764508710500703,1.9243223740223048,3.149283173558242,0.1398614083777318,0.936416467764823
OC_0666,6.021590945637413,3.12407727,6.950986679758289,9.159862371976725,127.78444404367455,0.1466693241264435,6.923447276046256,9.110501502406262,127.7166350755612,0.1846683901246088,0.9510210862298635
Platais_3,174.98141332266275,38.27247723,0.3709813675875293,0.5530669554180359,1.3765848762900297,0.1429650089958045,0.4195923967237775,0.711361420803424,1.5767485872779092,0.137776675825071,0.9759269744580926
Platais_6,48.38478660619552,41.02733857,400.196488242991,726.0805391429415,951.1919007839987,0.078776946704174,427.7141602219018,771.5308021097368,962.2832118668596,0.0847806909476398,0.9893037409125243
Ruprecht_17,110.41046272721402,53.32915794,2.4807281353563395,43.57222476892747,94.36774793040101,0.1705673466906437,213.15068987553437,608.0340414713169,924.8284007955881,0.1348041162296663,0.8626271407971201
Teutsch_181,15.652214467637265,29.4879175,183.5096690891895,413.2969472923305,876.9421210080993,0.091997159824558,376.5940958756487,702.586257010014,936.072534175467,0.1021954964991001,0.946476373175098
Teutsch_39,14.50603129285178,11.21126561,1.1640636563555993,1.626242957820876,3.0808871671038354,0.128251098904927,2.012336612216651,3.09004211277067,6.792838942537929,0.1155615125842074,0.9165502116612392
Theia_100,15.632592243175267,27.64446002,1.2233663089960531,1.6820993657046113,3.7659781496663847,0.2173876093090575,31.294449164074205,62.38834721936895,374.51094865816805,0.0991508502633743,0.8699833300929198
Theia_101,134.62348532441183,31.513423480000004,0.4330541117118587,1.0696207220155203,2.152142953608247,0.118992454116952,3.8531386592123233,8.347966711808619,41.135082870704856,0.0883573474176428,0.9646737189832426
Theia_1038,77.55282993054689,28.28571447,30.650512355009926,43.33455732463525,82.01148651916239,0.1302585942128181,31.632453030480647,52.97557683592539,86.146679897975,0.0620126666731974,0.9179160920547634
Theia_105,20.89157007667174,41.75773497,0.6018399291779613,1.2778934107333741,3.074661812457818,0.1810380798958273,6.6274378527621245,19.456858122142854,84.24202083489955,0.100280321814593,0.9003772514948637
Theia_11,5.426132443356297,10.36426514,479.0177222473204,609.1664894625955,719.0547166814739,0.190978444879809,508.0577598171372,617.4135589232064,735.8374500096722,0.2170502349831814,0.980997537484226
Theia_110,52.80358388858471,38.72845322,213.0544974522763,367.3844889886407,486.07326952269136,0.0405210351307576,323.0564942862544,586.23081268426,888.4325300205652,0.0358299323750357,0.9841785421129174
Theia_117,89.37277646770941,12.55915182,555.7116346776102,974.0348130139225,995.8977756941945,0.1531183235089399,558.7785515864426,974.2079292971572,995.9254301850594,0.1555542027283183,0.9970469858123456
Theia_1170,161.56678757238424,46.95641569,0.4376179663000538,29.756320429598865,45.48141080762365,0.1794323043031401,37.00861556859802,53.612695995938,76.54090129113834,0.0953602857839595,0.9526963346139581
Theia_1306,137.3177820160267,35.25230832,0.650130813633841,1.7977589800454892,4.894648430595424,0.0861776455507149,3.5733376004914357,14.876474139390128,49.359979676153586,0.0832192087214624,0.9695668839644236
Theia_1315,41.91422303097692,41.49907494,84.04934529786193,112.69695065102714,183.349972296614,0.0606598616553415,82.55961064756049,140.27449520537596,606.6749201893024,0.0915783078563115,0.945139562906591
Theia_139,95.15736993100806,31.11957081,33.58325247018085,43.49835868522759,52.582364458260926,0.0753670087795157,22.61039001819908,42.69700066361936,54.495748329066515,0.06390643948392,0.9769211537611864
Theia_149,92.109454438811,43.87695267,39.0078674449796,79.62481184223638,101.1938371958339,0.097949810961113,43.15909946007713,66.28771474163078,95.58144782224015,0.0785169711032939,0.9363922638427846
Theia_167,51.31157317404268,43.21397276,4.321749965809445,6.846166700073469,17.129270162087757,0.1129607311467357,4.189330540270366,6.731024754731625,15.680935441619754,0.1134473758761267,0.9962728153340462
Theia_169,161.65479828696604,123.54269219,0.32157644212231473,0.49440496950699697,0.9640273382209715,0.1985115317391867,0.42056948047076703,0.7862582623210662,1.4889944245677278,0.1570675028451788,0.9521590423304708
Theia_171,136.69261441279065,90.93568146,0.4591936648723785,0.8726227217615096,1.5059483157266083,0.139687955381871,0.9169872392514471,1.6884237820207861,2.6590226081213357,0.1156874248316314,0.9543806500373437
Theia_178,92.74492620572924,34.28753534,1.4755730168803334,37.81179861852662,51.26712819313527,0.1488334487707548,31.502410466436782,57.14845502142603,93.90560195217533,0.0688685146521636,0.9350975123896385
Theia_1873,172.15833745713067,43.42309025,0.3442535172484302,1.3437563449817442,28.539061692136485,0.1796767808708795,46.70069807937783,136.9511767718666,684.4156304508215,0.1086039830768441,0.9150111217348534
Theia_189,252.2137038754801,58.11237004,0.31589091135976766,0.8876772415353005,2.6970406714551274,0.1834136419516805,29.21541852727663,55.31389265693708,169.62716410276573,0.1118484315751642,0.8771584710463914
Theia_1918,24.105800610348304,40.60046238,1.6357224201820473,2.3970045836546183,42.99235587248629,0.0801837735624264,1.8374447754506433,2.4303410850426506,42.932768026784785,0.0764317972432895,0.9930721374530934
Theia_213,141.2365726138032,38.53489359,340.462462368531,647.7054310624018,924.6945258430139,0.1223513652224341,437.5398500643811,757.8054390185383,961.898762416206,0.1115563286252013,0.9221351351273323
Theia_222,142.30672367048638,21.17526626,369.61631821271965,841.1576211446147,979.7792489896393,0.1166436036376463,395.97454610296137,871.6896475088428,983.3542145761222,0.1218541474148959,0.9872714629037429
Theia_224,154.11291319988123,39.36922521,18.122623855503356,41.98575367328305,68.03422000904868,0.0679561343178893,11.294319619346775,32.73619802336945,64.480099620381,0.0734999814013065,0.9758905367935498
Theia_227,31.751102501054344,39.54844023,0.4954909475301204,1.251983214524833,2.0325926446605624,0.2083587508975085,4.364210264572684,6.741184389690183,20.514324806141392,0.1152825809160121,0.9174184127489358
Theia_228,97.69760109193903,45.78372099,1.7021518054222826,3.450890868740163,39.976079132543035,0.0884436805142428,4.562924317599039,10.587941526456884,41.705215825381906,0.0839623873504955,0.9733746180038193
Theia_229,130.70608603578853,62.18821495,0.3261100539492277,0.5945196792241398,1.312396697350266,0.1742851044344679,0.7398828978583135,1.4088377583003757,2.3464046780469623,0.1311422164252499,0.9330669463684805
Theia_230,16.600808891451592,39.25122459,108.5055724058915,125.47219936105853,418.8160247367174,0.087332218894832,396.8423029750978,672.0516894836422,924.6667002517008,0.0994526298529378,0.931072836741669
Theia_232,44.5221388773046,33.968859,36.601190295107806,44.237866214087646,51.13709300660128,0.1156362041415269,27.380402131987942,40.11564000147796,66.14939542756854,0.066002894126817,0.908400733821662
Theia_242,82.55801645173239,28.28984533,0.24863113418803154,0.4286178532644666,0.9198317468299763,0.1780807574734921,1.089433848561468,2.804658244621884,6.967391410907639,0.0999932987106815,0.8635377785195536
Theia_246,192.62146872440533,31.462295709999996,49.98079063204049,101.87024283909051,219.91371412482425,0.1140306027100273,185.4616248436003,591.3851277804747,917.167305497282,0.0916828340878881,0.886915006297192
Theia_2468,120.57501926950292,54.56077505,36.62558166072643,68.98924980047462,104.21484300502468,0.1483790920175848,85.27299983015449,164.86684035558108,662.6128042395252,0.0884773891099239,0.8761213534955287
Theia_247,84.81338758785175,70.22817023,31.974135060653655,42.04528139419848,50.94504674741088,0.069861756893351,18.03214031116208,38.93849525155116,51.57190785232056,0.0664276242179019,0.9875229882502559
Theia_248,111.72455409017695,45.62926775,0.27791098288054433,0.4364516814319229,0.9960778231767065,0.1291685349672391,0.4327543678561402,0.9113717728930028,1.934707014203929,0.0700867797428389,0.9418523220887729
Theia_249,139.01193864427913,37.79105558,2.3485186922326964,34.773121279641614,50.21450335174757,0.0674077892153647,5.286522728200038,17.507338995914797,45.5130381796277,0.0522384355672805,0.9792653535413736
Theia_256,87.99451866147915,27.31527541,0.2958084162081248,0.7845052251091879,1.7073317621643536,0.220112736795332,0.25968678583879906,0.5274649993332741,0.9747776537258395,0.2154735649454708,0.9960433681468349
Theia_26,7.325751623364607,24.6511044,565.8303421109689,634.6474198645576,749.4571267410953,0.3751470703927274,570.8944913085165,641.6100721932855,753.1978126123233,0.3766908252531432,0.9994536734557338
Theia_260,115.65393666230194,47.81111133,0.6233501917046965,1.9184062281803567,4.028191184274647,0.1009996861099628,5.254521106480238,19.125489591623666,49.04348532076285,0.0554706659465638,0.9700429003807619
Theia_269,155.46589450481207,14.92282403,0.3208772042508868,0.5421434813046451,0.9678697313517634,0.2243032565816,0.9532920848634283,3.0901331061805513,13.316745088541968,0.1223994477446447,0.8054733446351687
Theia_272,160.37908817727805,57.00075832,0.2658398031537486,0.4503021547207809,0.8019600317540924,0.2029989875423712,0.5605200549542164,1.7802420537541006,6.337169455097151,0.1707293815230754,0.759264719695833
Theia_29,18.29107455738917,8.15080893,531.0343241881483,721.0273844983226,925.5226735814094,0.3162440269874728,527.090147064349,708.1114711727613,921.4011009791983,0.3252308511608779,0.9859010497728199
Theia_292,165.99451202962518,45.8398868,0.3472350743405365,0.7350863694782074,1.6876650248481577,0.1431322927663704,0.9835930476669651,2.7945690808995876,5.4415247366885096,0.1205114188390428,0.9525026923920571
Theia_31,6.605747514069957,14.49493558,1.2660281527333526,2.1624723832248254,32.70894359844326,0.2199598382323317,35.808345498716264,176.28725386352238,825.8091921300459,0.1340543005643632,0.8885491812991071
Theia_311,175.1813343400381,29.443206199999995,0.19391655233645413,0.3757470939111324,0.677934731018215,0.4814927068103095,0.42102030417668224,1.3708282243329226,6.354457794706907,0.1773182414890532,0.5110262786712184
Theia_314,104.57015457717677,28.39603789,0.41493631046894053,0.9999982405227025,2.06233269660825,0.0899403746537675,1.3572172664255213,2.621755517630327,4.124662196924991,0.0784770504839874,0.9581644781132581
Theia_319,120.45566789112392,39.70039096,195.41046393227003,498.7183472507782,844.3645463347586,0.0698820291097991,203.73406527301432,544.7481361661418,856.2335155203822,0.0924781366695419,0.9830717675341436
Theia_323,127.79770064424385,77.07336562,0.31605921748359644,0.4524287290355829,0.7225110111624923,0.1739633165251933,0.4991319018219313,0.8569851385933978,1.4604429572406619,0.1321969586800811,0.8810422146825543
Theia_333,44.24609831437075,23.46783011,1.9758425363159606,3.414443671490693,46.96967285519521,0.1877417765168711,40.41698100911349,73.83099376215142,142.99146645315147,0.0851130644618646,0.9094881744653437
Theia_345,104.56395463274418,24.635167900000003,227.75381151965613,536.5310125841229,901.101700746594,0.0751075751660557,369.864733984509,764.1274199674947,960.925720149133,0.109131638121181,0.953420795713938
Theia_35,30.05866234962692,46.08384317,41.41929881677436,56.2887333250636,130.2477214057364,0.116370775786685,34.91284498203466,54.89911545773482,137.69972560632638,0.0927944593390312,0.9335644318170164
Theia_358,120.848045258593,34.44945002,0.2302282420463539,0.4243192796696203,0.8960753932381114,0.2082404542763321,1.0915502529738121,3.4234516661492354,10.252500457313916,0.1192256864203399,0.8494550369208542
Theia_379,139.81079653592803,137.88306267,0.277015390463942,0.4216932820346265,0.6718974233437176,0.2712669998508483,0.34595965451959954,0.6081848457226067,0.9202304997266528,0.1902919699936061,0.8898848387122856
Theia_383,139.25468011618227,41.57031671,0.2910459022839043,0.4487205560060123,0.8330699720060663,0.1792833758721819,0.34158571452388514,0.592247368678231,1.211265799312434,0.1707594937351788,0.9586466955497176
Theia_3862,118.90094327116628,34.78631851,226.3045547127937,507.3159249221822,716.054376931309,0.0928391815613301,473.66355992623494,743.3581559703922,952.2951840617734,0.0772649946494169,0.9618380426470267
Theia_390,165.18055842636622,98.73666159,0.33545315483882937,0.4888429567236242,1.1199024761261134,0.169468133544575,0.469670373742807,0.9071302180796478,1.7295878840336911,0.1175625342481464,0.9454965956862519
Theia_391,146.12574218705478,34.07517527,41.08129016409823,75.48520255133107,103.4756341855816,0.1353588972886718,59.09822647676405,85.82859442340079,114.10310542779253,0.088342209523605,0.9535172337614364
Theia_399,26.90306122603917,33.26184285,99.54356623490352,118.5770960108325,184.7935485508353,0.1384515088999068,284.98272602266036,680.5857908756574,937.4682842179361,0.1031110731364095,0.8882521307535476
Theia_411,97.0722017015414,44.9213936,0.27589548804870995,0.45642404677139153,0.9923445180671533,0.157473056376916,2.2232132992811757,6.078981083122028,22.035733899560128,0.0963838497809115,0.8266599040928271
Theia_439,37.82995284975379,45.50395041,0.2039738264727354,0.3779641370920227,0.7661255493050977,0.1767139302075696,0.805262945538627,1.9810833252439155,5.467495152730468,0.1251132141688536,0.855729974284944
Theia_446,80.41147342260814,79.60140667,76.7203211299161,104.39349684674384,111.97856529590963,0.1468899499146273,126.45028157768569,226.81105782057787,618.8215934936027,0.0786079200553038,0.9107028196166677
Theia_458,137.812442517243,20.5391582,0.2883558975116123,0.4737112322388259,1.1378645619621501,0.1421289355469583,0.5297133465532419,1.2240459821822502,2.3914879244766074,0.1077641404946119,0.9448679012443266
Theia_480,107.91244187630411,21.52069868,0.5456682436733672,1.324875897006693,2.689585189465725,0.1360578062974829,108.99239088780956,487.17736026410694,891.9520744196452,0.2161882379543418,0.855894109802319
Theia_53,35.729674519306066,89.42823358,476.4034104942939,951.220457898244,992.7231406626355,0.2070581857241775,477.22299524367673,954.0299589199698,992.7794478221987,0.2078105032570033,0.9994633545511673
Theia_5347,39.73869491014244,24.86982236,0.852952500120554,1.5936053219972883,2.772158928386593,0.0924876039433539,0.519427824794686,1.2824621327999497,2.3937236762613656,0.1051941348756664,0.974142608731762
Theia_54,4.0976265963829,13.5819003,164.57214922687072,340.1112818242893,827.1034429377479,0.0763675514887678,194.8547639136187,640.7093587485747,921.8432820715885,0.084881700839187,0.9885704646887619
Theia_545,149.67095163825906,24.43576466,0.3866680270471589,0.635868777367353,1.0476821036992758,0.1845762770561346,0.47222548668656983,0.8811577627890254,1.8825317426757657,0.2223002374847623,0.9417198494421698
Theia_5504,162.002874305845,41.00910722,27.510447703919837,49.19240171605836,98.20542176672923,0.1816849722526053,169.12101623937951,564.9883439817486,917.0864830611774,0.1195060052240346,0.8540806579285228
Theia_551,180.40198837988189,16.26716747,0.8186508097507127,2.8764788715764977,37.18847146003272,0.088807111637367,2.7316346084427603,10.976101563733103,48.40437184002826,0.1334540522163888,0.9531256636900771
Theia_560,212.07754627892945,33.67857769,0.32572336120897394,0.6419215531445082,1.4598720849247637,0.1516551127125187,1.8509331161496796,6.247944087883876,38.183368433120364,0.0962271042987136,0.9022034454491181
Theia_569,236.21201262445567,23.66287334,0.5460693246133304,1.490544516963755,4.352260011687758,0.1039120371180489,3.391623025857473,19.778047262282335,64.23366580773461,0.1243064050410321,0.9053617054356543
Theia_586,112.2363953015185,14.01244601,0.256364446791354,0.5207272630605042,1.1257163954219913,0.16204700696311,0.7154651169150728,2.9366201070287397,16.73220184675749,0.1360471406940804,0.8340273463081561
Theia_619,81.91563269847416,61.15577244,0.4414456158885685,0.8574801115117789,1.6784103007913078,0.1692565324310829,4.33636690796426,11.100796368544096,45.83907297624294,0.1047506508960136,0.8957939792823538
Theia_625,166.12523947460664,97.74170933000002,0.6613773005700823,1.2719036869744125,2.0971202937543385,0.1232611432967567,1.094001509198282,2.201869487156405,3.468807145292819,0.1166331468832954,0.9598762982474809
Theia_638,166.64680436345364,61.89117382,0.28746774734403624,0.4573752138031847,1.096810965497969,0.1977363017856618,0.43920460746594764,0.9904952052047664,2.1167683696674087,0.1436137585578026,0.9241993568888366
Theia_649,127.70596701803251,33.73480536,0.22766218472070296,0.39734196436241787,0.6802844437351048,0.3382466557789063,0.5801770851024227,1.2255926288091852,2.226140573281061,0.1354312563838081,0.7123614622422544
Theia_65,9.335459302464145,18.84158845,88.59781935178168,106.95329484477745,398.54000737994477,0.1546513607685281,178.69876377114377,670.4988192472601,947.3027844427355,0.1185424587815021,0.8888202873072387
Theia_652,98.78801295056256,26.36805346,0.23450065730798203,0.39047174489064435,0.6639792348734539,0.2487852374430134,0.3992382756245588,1.1643532649997963,4.247748668921201,0.2080521377495961,0.7442364741866204
Theia_654,113.70559627836968,140.24674884,40.15307504002794,85.55353559920836,98.06567641354229,0.076000781769066,44.970284326118666,67.68590803413502,89.49398250425098,0.0608325626564215,0.9716859886022495
Theia_66,6.221696614456913,11.73308808,235.73949054804817,637.0982407730701,991.8030219463606,0.2390482246230878,230.4711892545466,632.0511462621513,991.6444053635141,0.2355334368037512,0.9999987337488185
Theia_67,11.694649227679571,11.08643255,1.8280581234690298,2.520520392747904,50.75148137441922,0.1802548372973746,4.834891326505202,7.506595487750713,95.73132663505739,0.1074997570753354,0.9200501060263249
Theia_69,15.696839946746287,11.00674238,107.50057376552118,140.4477289679599,442.817830502659,0.102513360678065,248.486969367601,649.4300435337408,942.6317407402579,0.0817470783380766,0.9449477610826449
Theia_696,156.63251452430583,32.78053896,20.075451583699348,51.015613800030806,102.40080499705186,0.1413796828535433,82.59391590182784,287.51383315836415,825.8563356157242,0.0907264758128886,0.8736351032901019
Theia_698,209.78894067294095,40.38199996,0.34601096956277827,0.5850916831979885,1.4560673594185822,0.2540843967836221,0.9535641062176018,2.5589924100853083,8.991401828211872,0.1210594347403205,0.7357904419425155
Theia_70,15.974027950412445,15.722962089999998,5.331299951262419,17.056688717595147,50.343769576839414,0.0604910874647023,5.7617196025362585,10.738622130497806,48.29188630862428,0.0739654541673467,0.9645417248150121
Theia_701,171.285381773531,36.37913267,0.31009046557983955,1.2767522784539909,3.122278067577048,0.1567829451719636,18.037012085565266,43.331277335765705,66.88693438874539,0.0844147442857996,0.944769169416414
Theia_704,148.34576072429584,30.47047115,1.8394614510093727,18.468498036816108,57.2657102090837,0.0936607755153305,6.122680140651204,23.078199761847188,61.617514668759775,0.1255065686980807,0.9644911252449129
Theia_714,100.36805310969879,50.83260417,0.7163163748645143,2.091953832184453,16.302108198977454,0.1642137269806747,21.90952424690046,43.3424168010751,57.20075135269659,0.0946288888071796,0.952517863087719
Theia_72,27.273953768396755,31.20608076,471.1655764096687,587.2456339551876,963.2328417108898,0.1719166447734501,472.425719467772,586.3194712884033,964.2851704586354,0.1731272230814818,0.9980260182841667
Theia_729,146.5909569709983,24.50798233,0.2717603527540709,0.47396967381241784,1.0078375047630492,0.2617324741858811,0.34825373312940106,0.8527678504692184,2.358580715962126,0.2642284033234544,0.7698416473049223
Theia_775,139.04567348577862,34.67526054,0.2545272323895089,0.4220664142807365,0.6754929424880195,0.251804308335295,0.9613331504854844,3.0333755830966194,11.779940419156814,0.1106727261410664,0.7446691564609998
Theia_78,153.66684688330466,78.4054832,0.3090811393183723,0.4938979152720179,0.9610922363497106,0.2867416729146871,0.5876185337806458,1.4972777581322927,4.027434991264262,0.1690532119736992,0.7193094589381704
Theia_782,200.4613081011901,26.80744693,0.9040850815484983,2.2522537045072903,4.012342010406109,0.1080228883129779,1.6338976386499493,3.722247914404813,7.835888596395378,0.1149756518995385,0.9850994548569196
Theia_792,195.39334599838156,32.78670654,0.3929127641686748,0.6979285834497745,1.86650662902271,0.1790277339395257,0.43427083421117146,0.893949874289865,2.197308291277015,0.1856483708555562,0.9857009248146709
Theia_8,6.518110519749357,24.23882123,500.25841757731246,664.7043294834707,873.1769289826689,0.1933994528372228,365.5337257873396,642.454040150363,880.5874669607226,0.2072839297739256,0.9951275562679832
Theia_807,111.45488548834766,39.75482484,0.5816339483937575,1.0221517978207046,1.7372422994853123,0.0945281955138539,0.8350867977961463,1.4456134371918756,2.263137208708148,0.0991975350609062,0.9863966192728795
Theia_817,195.5983333768308,27.78914092,0.3948219699947465,0.6394280807022299,1.4896591697127328,0.1569216932282291,0.5441784552624334,1.0363535783718576,2.14451008992446,0.1393352962957911,0.9542581364803069
Theia_828,84.22398385279234,70.59484754,2.8524722571815726,40.4439020494853,71.76849765390772,0.1668504955908303,29.44688612913269,51.208803859966714,84.14771035775185,0.1007316719236035,0.9212767738775224
Theia_834,218.29155772739352,59.40304742,0.39540329963122767,1.083989669833777,2.6048097704313644,0.0998548921820859,5.274011985525646,20.975322275335703,54.321969962136556,0.0873951665556579,0.915962444900651
Theia_85,58.050487334900836,24.47551493,0.2508730820689442,0.44929936155187594,1.207300078356281,0.1587779159874614,3.486340386362931,6.642480303161548,15.611882486686847,0.0903073129479531,0.870255252874441
Theia_856,117.65141911042176,28.25015671,0.2537575073272764,0.4463246892347716,0.8538545251904113,0.2242311232520689,17.063812666985108,216.23878063543913,776.4379494426652,0.2156898428224823,0.6515465271037674
Theia_865,135.81997931846934,62.72556434999999,0.4100763591457512,0.9094998587716401,2.018679620976797,0.1623847122136286,7.0549799948885825,31.569601273533117,54.91787012519425,0.098336376164194,0.9309824425811934
Theia_882,217.6348798506214,18.89135478,0.3535019947166028,0.5890976353076778,1.2439382857409849,0.2332856313783997,0.6167015582219445,1.6083539561982614,4.363019577102342,0.1481418009441666,0.7677808971695932
Theia_903,113.32434041471238,25.06182473,0.2161131880434446,0.3959272684395546,0.7662164291257371,0.2214897664236202,1.0002206370342082,3.3379538024538955,13.211651696362205,0.118476926476098,0.7900366745916171
Theia_925,159.30013725687962,37.86675041,0.24237658077100685,0.4122064430202119,0.6823911984534183,0.2206042707979509,0.4053767708415528,0.8986758766383509,1.955842048271325,0.1328116777356965,0.8596888931157946
Theia_93,11.316835419552184,22.85910139,557.4943249090819,613.1081426016347,663.6755133144665,0.1780807397062613,556.5913278894013,600.8275442220719,646.2837826210897,0.1789956073591914,0.9864733911580731
Theia_943,153.3200139157186,142.12242089,0.42915055102948474,1.2614610044009087,2.2734800106619577,0.1235594377327752,1.5356946130255467,3.231238816183894,4.9233161754681944,0.1035523546830229,0.9779706080799024
Theia_953,35.589097916487304,64.0309179,194.90721814484257,325.529606568054,438.30063223195805,0.1056811052555156,362.2979579187095,661.3784758279706,724.9912715652979,0.0742692216114033,0.9702280097672497
Trumpler_24,216.3433598037591,29.98806727,0.3348914265507733,1.2925200888303654,3.902819678981042,0.1811062998861917,21.194576206260262,43.90680977414411,68.95149549104086,0.1080205114979685,0.9000273562211348
Turner_5,163.6384322288485,25.22462789,0.2925405697170239,0.470764894973624,0.7515510895277856,0.2936873371009849,0.3088290999333648,0.5529219557674842,0.9631277306508519,0.285715412235886,0.9596297171642307
UBC_4,206.33087978847783,53.579272030000006,0.32557562921009275,0.573334101445211,1.3317772406280863,0.2138013468912874,0.7913547973597854,1.5573833504336205,2.8965045570467156,0.1308859603530456,0.8826824162024126
UPK_104,143.5749719150123,28.58617007,0.4081276205996985,0.8640500553258362,1.8171255039833487,0.1265029161165425,2.655416270546461,4.997102430463447,14.591605190313517,0.0756702103350875,0.9473618175217239
UPK_116,44.3008337700354,20.12309498,586.6728097010335,954.7055473866378,992.7878255426032,0.0914141642168499,609.9840089120336,956.8886801861937,993.137993090303,0.094588741129885,0.9941722821460338
UPK_137,85.69279337558554,11.59826655,0.24585735574984446,0.41923931288227556,0.6818374315097713,0.2846187588207777,0.2813843111740557,0.5392411296371786,1.1087324775954823,0.2660313197426131,0.8409865999203266
UPK_160,8.46533228694307,32.89054288,106.63107211596038,223.08196339170925,542.5115958975841,0.0613573232821225,212.70389001470136,518.8757534694763,905.9528939447157,0.0788012463334969,0.9616341964417826
UPK_214,100.6276869461296,41.93091622,0.27044114307439887,0.42260663910929397,0.9804659275024843,0.1473110697762197,0.49542444759072685,1.0406842129081288,1.8735715186944273,0.105870986055015,0.9325499146478243
UPK_233,74.10024433399725,19.65525103,0.20328124296221067,0.31641533759041046,0.5158955956791671,0.2741982364473034,0.2868872598624002,0.5754170786698312,1.3059148645186598,0.1807801175507354,0.8249307674680108
UPK_260,140.04078611511162,42.3192873,31.22505410397042,45.7171631989083,95.1688902731825,0.1398659440507167,47.47945788788299,74.95083053066503,104.43914845055755,0.0739197770160004,0.921470936770006
UPK_287,161.97691008838044,44.10465537,0.30309666289545717,0.6780733788210345,1.3421865458916236,0.1379763238787232,0.3570018817865892,0.9036587313564921,1.8072608870761024,0.1459488724367582,0.9821955517640982
UPK_303,111.00692437643164,64.22862228,208.9853553905245,416.8877725910655,651.1038243055928,0.0638775880318972,215.2306000536323,478.1137309248214,665.0596395712474,0.0626088131486422,0.99745364044567
UPK_305,217.8184734371199,30.57787839,0.3913823074322242,1.0836355162813271,2.5162839727177087,0.135275022140296,0.4314043869395745,1.5109669962733143,3.6259626482108476,0.1437009985918775,0.9911501086414201
UPK_350,200.13978550298103,55.86829579,0.20142838718744807,0.38791173792528266,0.7957749603593632,0.3790666078061858,0.2831887849855546,0.5798903499548343,2.302358706372423,0.1798904748574307,0.6888559164267755
UPK_38,4.346891798499212,12.8522844,2.189575485015584,3.2964820470417338,23.059999923336253,0.0809538631860438,3.2078944498192916,4.692817947544506,35.27145956061724,0.1121851445182551,0.9424765406634823
UPK_381,201.5774421195713,25.98586452,0.35379822546248346,0.5171978517001021,1.3666767861487623,0.1578356692903421,0.594205055912024,1.1177387852995964,2.4658747359805955,0.093996615042295,0.9124560330859647
UPK_385,9.510122913305093,10.557016020000002,4.29707420125403,27.10680558210027,226.85238662389656,0.0946146752811048,5.835863645506328,18.932618658739802,248.20925920927152,0.1032972384164465,0.9128501346632223
UPK_442,68.1422108512942,23.27571955,0.9044897762228573,1.6887368460851215,2.740640862800045,0.1359624418441251,2.062461870016736,3.330723154121126,4.9846045097721925,0.1295826951518949,0.9670461739575644
UPK_524,118.1040172016642,40.6564446,0.27392490117789015,0.42629747125785106,0.6969105409082774,0.3689446390773855,0.3108867656255888,0.5578273323182571,0.9519853491449619,0.3126530486752522,0.8797926740788153
UPK_526,29.214781329766332,53.31139221000001,2.0160162768698333,2.7819981149121187,16.48234796236384,0.1807342228645014,3.9338981735366136,4.919935460933273,34.62628695902049,0.1333791799576004,0.947533968628844
UPK_535,22.007926653634566,16.14618349,2.371154659108935,3.1797084635587214,25.05876367683551,0.0797165625295888,4.636752541906724,6.446246525641672,15.723022146686185,0.0617412862076254,0.9517913995894809
UPK_537,61.52464974818843,33.90988879,0.6984600756678496,1.5016135522808896,2.548672957079734,0.1614121638734537,4.646318109983023,7.171736218197605,22.666605409604966,0.0856194005689315,0.932343700581656
UPK_540,20.046802419134,26.44146627,0.42307968164065013,1.1179349754743775,2.991023828138135,0.1831871333537527,3.3687592316490433,6.294197067712531,23.50313665093885,0.0966342826188313,0.8989388691168434
UPK_552,107.94941421806196,15.22523727,0.2241737646571169,0.3623974035620877,0.6698657051752672,0.2195225934475731,0.24553536035993898,0.485272244147146,0.960918457433068,0.1953435857139671,0.9283054404295024
UPK_569,27.18005617591295,31.837458800000004,117.03738266622358,130.430435440174,206.87115946324187,0.0600588874430233,125.18317233836896,172.38532127320403,409.6140965514175,0.0462780923211124,0.9828448299914156
UPK_579,168.38654652730577,27.23535902,0.270266712308807,0.41678930721454155,0.6127112276006904,0.2887542214255842,0.39931332053870133,0.7114903143911745,1.2898329900524013,0.1511036293395812,0.8005288333190321
UPK_585,95.26488773493392,25.08490877,0.2175032245061445,0.3488364253825984,0.5706177228037345,0.1993816609564136,0.24664092282250533,0.42360567602382165,0.7237555031543881,0.1807045047002853,0.9340617566598536
UPK_606,9.570452453412823,14.648864129999998,2.350689319712029,6.172934909535783,576.8787400874248,0.1612775361595884,2.4765008449164596,13.741748461362361,576.8860650377042,0.1654834013779486,0.9999101523023374
UPK_612,119.64845361824634,27.58133009,0.5025280830388479,1.329250532586466,2.167075426092717,0.0836271855366791,0.8590501805724052,1.8758672510713783,2.8525622918984146,0.0728908909041654,0.9930897289778916
UPK_624,25.28611449017148,16.38925592,95.47163195000434,113.02195896225231,130.84549428156478,0.0947338167568314,108.88787886048368,162.66160306820336,750.025620526608,0.0589713442926503,0.9187073078443919
UPK_629,238.6588700005451,18.09177503,0.30864546741042226,0.5313763447137702,1.345794599381178,0.220204325996667,2.5202835049142687,11.472015101294492,49.631706702403186,0.1140936518798435,0.7330973956735763
UPK_72,74.56061473189163,31.515572080000002,0.25259539170057754,0.39682525902975907,0.9861005591951585,0.1767634187753385,0.47241489343297616,0.9387401157752346,1.972994817411023,0.1227718055530289,0.9330416257567061
UPK_88,73.17170419094954,25.36556002,380.27373086033396,750.1559856954342,962.7129925494065,0.0780716681219062,393.37208338349734,794.6279112402477,969.9519168954661,0.0844627669264837,0.9921859756357084
UPK_99,216.06300900191937,10.16578416,0.3453225496764863,0.9331964860059044,2.178944856639912,0.1152147283300717,1.9589069576454115,12.555159824718329,60.718089613619455,0.1343463154312097,0.8325705991491931
beta_Tuc_Group,31.3978109361324,172.40567681,538.3258387516541,707.7764380253362,978.9214609822577,0.037645045647189,538.5545441827416,715.5487045374706,979.991393203408,0.0376090680045056,0.9999948259132543
vdBergh_152,3.9965546867171198,4.59914171,39.82512004720397,190.71195081362836,674.2174617080252,0.1203301087414711,61.49922494779754,351.2941536744872,827.4077824922142,0.2277779491793839,0.9321325048140822
