cluster_name,jr_16p,jr_50p,jr_84p,jphi_16p,jphi_50p,jphi_84p,jz_16p,jz_50p,jz_84p,age_16p,age_50p,age_84p,n_members,n_with_rv,radius_pc
Alessi_145,0.1536686939307873,0.5655988843260806,2.835713675794942,0.0041839404120352,0.014972600749897648,0.054041122554519726,0.045547242755911994,0.14255957368949396,0.2965654549604936,95.74020652923116,168.0256754863736,277.7567040182955,143.0,61,82.18265609
CWNU_77,0.16096776000905277,0.6070101959539709,1.7197853732917812,0.010379662728476884,0.03752272931121806,0.09664211643156717,0.027665165809867494,0.09468675977617266,0.22865924856263442,43.30637776896177,70.96312463207605,119.64700724807392,108.0,36,52.12312162
CWNU_174,0.07996127048434878,0.49212242549244967,1.5488324978311385,0.024538556332857363,0.06957186597364015,0.13774459404882267,0.06799879811196535,0.21606856663208993,0.428432215414765,81.3177474655402,131.97451358251584,221.97201271874692,68.0,13,60.18012071
CWNU_1012,0.03572584490473814,0.14812052814980686,0.8381249133486239,0.002012019905752922,0.008379724074864692,0.03743694240248569,0.029653315589163027,0.11488677028576255,0.8360145086922933,70.60662943931194,135.15235263914195,237.0644814420793,225.0,86,65.14914652
CWNU_1024,0.23527315110858116,0.8301164937479938,3.0088880267489553,0.0052115053782036055,0.019073695715911727,0.07057070963021736,0.07417362624261929,0.25151191865656863,0.7262298321298823,16.359693391734577,32.435611501317176,60.47490572389024,336.0,86,61.10249283
CWNU_1095,0.010436874518830727,0.04688346495899502,0.14248189242486517,0.0011948405845234884,0.0046018298605690995,0.01234553721032102,0.02554774983002727,0.09121197972897108,0.4581062901075828,153.71932897936708,254.32347557544628,493.7370865215054,163.0,65,90.56513123
CWNU_1121,0.15413565637752016,0.6142332786415049,2.4750035146100378,0.0049777017027752765,0.01619317926927974,0.0816589504873677,0.032604883919531105,0.11404897669859745,0.41940728043522385,27.01668380720933,55.0050976480216,109.90067757380731,86.0,24,60.3179053
CWNU_1138,0.14526657401468795,0.4710511229876267,1.0327377306293777,0.004413015175656289,0.014957822714596884,0.032349523349745626,0.05021950639889494,0.17531028747768918,0.4668571879318637,48.97708123562979,82.44895204861683,141.805899819817,104.0,43,69.06596497
CWNU_1291,0.39266156223409665,0.39266156223409665,0.39266156223409665,0.020651108550168554,0.020651108550168554,0.020651108550168554,0.12848646562927776,0.12848646562927776,0.12848646562927776,291.8517353713543,446.8234834358862,735.2871733036785,49.0,2,54.68585758
HSC_95,0.0739105428364775,0.4392106803241393,1.9074019481329567,0.0019506362190138294,0.009089490537992358,0.032869134732159994,0.07965371643182016,0.37810934651512484,1.4424342407979616,170.5649220064184,313.41824180259414,592.1313021123736,139.0,51,85.36587975
HSC_310,0.052836487259556204,0.2605606344742151,0.8660381648263927,0.0038781530490872873,0.018529143602983907,0.04876892807231478,0.09464068132187227,0.37114742570625636,0.9080843552400693,43.51566753166289,92.54860351943344,169.88535420100655,87.0,25,79.5222948
HSC_396,0.21627210451832454,1.0291569557360245,3.3617107728810733,0.004617814386960828,0.019451373347349893,0.06080256142767696,0.4150857703193771,1.773266590538141,5.0622851646005484,57.22370721828285,134.57146489390374,258.7883907628114,134.0,73,67.06979064
HSC_442,0.13876202277566851,0.58272207803375,1.8366384252199404,0.0043555193824373626,0.01837279598910059,0.06985778126026944,0.15887937318644324,0.8431268035118638,1.70447956031887,154.18112136982734,275.88869823845545,520.2719237332803,175.0,50,51.29031
HSC_448,0.053177118980305166,0.2395699292580378,1.1609352744795416,0.0042906011106890575,0.021756743956888647,0.09509126437558149,0.027804076682289718,0.1309457231132249,1.333552649358364,52.281785384652856,103.40956232376472,170.2558291352463,163.0,51,65.1850178
HSC_453,0.2364641502693098,0.9539401760465797,2.90932113745761,0.00420253911637778,0.017262345765478408,0.042858201209474596,0.18630839400695887,0.6766636784269351,1.8940279776701028,123.45559303478557,244.32911392676647,454.5726057883824,110.0,68,69.71203569
HSC_490,0.19043006696206957,0.5601485506892503,1.025403021156768,0.004536526141127171,0.014384645072743868,0.02892496520818211,0.011818465959482709,0.050968419996017145,0.09315287434407056,46.30902421495062,88.20127435966785,135.01249095797664,30.0,13,56.94388907
HSC_633,0.2146743469385574,0.6865953674546941,1.7350484581157724,0.00823177246564374,0.03057990333311337,0.07265258423701902,0.1142361445705903,0.42904619926357823,1.168784114602241,30.6347034054422,57.46964441386596,106.33708722757258,156.0,44,103.98553085
HSC_673,0.1647198384241627,0.45491961020107163,1.0323580110914246,0.0058765190899172474,0.02855687321654299,0.050206948534889585,0.10068732700436282,0.30882990080661743,0.7589897347349178,32.98625105316481,62.57619183598568,116.9971600621622,55.0,18,56.18942517
HSC_683,0.11529902201309153,0.30320260435065716,0.7421711203327069,0.0018117198290874058,0.007556262727966754,0.04179244570137024,0.0396884132424973,0.13603942081660758,0.42700312514706334,43.99130140474158,91.39069499493252,199.6665757881671,82.0,16,87.18588087
HSC_749,0.10857422100768241,0.5359745972976819,1.7799782355282294,0.0021766172986675855,0.011026634263379223,0.05255686433847904,0.15568689773101577,0.67390501505958,1.9319262622590618,88.30103010222048,226.16228846872855,452.1991066166918,146.0,55,73.29736075
HSC_759,0.10725948523998718,0.39300748390260887,1.5056157473331515,0.0026103021136248154,0.010420105268926694,0.04287103375771081,0.09615332634409367,0.3799494427062556,1.2872590153465728,75.84078856676,149.3354310976772,277.2046556669718,372.0,175,87.8849443
HSC_882,,,,,,,,,,132.67508666866053,214.5550198570711,350.79737911842875,54.0,1,53.863235
HSC_895,0.1451307819532533,0.44830700909822496,1.0091451382185568,0.007880949698312517,0.025683274395148392,0.05731774116954691,0.11990663130439445,0.386496132568017,0.8437766288336791,107.26792755052494,169.92620956863416,286.4906151946647,110.0,36,69.68323193
HSC_897,0.9701617299361485,0.9701617299361485,0.9701617299361485,0.08071030074104736,0.08071030074104736,0.08071030074104736,0.025293223095509437,0.025293223095509437,0.025293223095509437,50.96673699848046,85.93338115868943,127.77286708458864,38.0,2,54.58506619
HSC_931,0.21649793093114608,0.6995772351657279,1.5021966043749895,0.007428356709553715,0.022312189761194985,0.07158548743300278,0.2496266351038186,0.7337338075691915,1.8094134866665759,90.81449243492696,152.44078622048156,244.817032827547,73.0,27,59.00365177
HSC_958,0.059617174635804585,0.2874774538612832,1.1226849889843762,0.003096037041723468,0.015488369843521806,0.04462481296968302,0.037619663579538484,0.15990131825273723,0.5894525728445302,21.14906441661423,40.71112277654683,72.32202370395542,107.0,30,89.6361339
HSC_976,0.36663441159896254,1.5546156133475963,4.476517182361243,0.006058399035167259,0.023145555429326545,0.06337857091728387,0.08348087360212739,0.2884967799614806,0.6661152939139645,8.3936925977979,13.488521546063462,24.479848740355585,235.0,96,63.79405985
HSC_979,0.7215695464469571,3.650747554983419,12.361331141424348,0.002898578742686589,0.017658220119896824,0.06880286874431216,0.04066688607478126,0.210850951218308,0.5874026268340482,80.39174395389063,183.08243503420675,337.19686637296815,84.0,23,64.23260484
HSC_984,0.030826906779374615,0.11105074782369265,0.3094938649529799,0.006416740028069108,0.022386202620341647,0.052443057640368336,0.04749052940320031,0.19266480880261308,0.3632889837584997,64.89760652916554,103.3610922487803,160.5609170586706,74.0,28,69.92728926
HSC_992,0.04088922834961864,0.1449658244921068,0.3307458414079503,0.0036677080002120695,0.017487975190890452,0.0863027535463895,0.15060111808147641,0.505005303031073,1.0631632326058287,58.41941718941285,104.11956619709328,176.03104210167874,89.0,32,77.24503593
HSC_1030,0.32254206055422197,1.1225160295565741,2.453564256250706,0.007594292755896072,0.03108755570696976,0.06709473544288251,0.08693312387056323,0.3664323145065542,0.7407439123562857,98.52760587853903,153.91895281903885,260.4942791656796,163.0,37,103.77181064
HSC_1033,0.20530839124731282,0.6636585905569722,1.5713527816620552,0.006510511222426374,0.02051499897556218,0.048356013792154665,0.06233009399266777,0.1943504129673436,0.4004355006211553,91.1819676980473,155.7808036607863,248.7283277349313,106.0,38,89.58379613
HSC_1058,0.39536697020320266,1.5629223394582432,7.035747223249037,0.005058646480913589,0.020769000093990908,0.07670352992860235,0.0490583553118095,0.18054736649707667,0.5248491046352713,62.03044831939806,117.13263143283488,203.1146131531739,144.0,49,75.74548279
HSC_1131,0.05241362683963038,0.2297585397789387,1.1477169336837532,0.00412570060746139,0.015085211528251524,0.0658596213758956,0.27739666658843326,0.9518375703098814,2.380278719806635,52.3730215114102,97.04966262869397,160.83475061656753,91.0,33,64.13314388
HSC_1142,0.15532568582881556,0.6359897619179349,2.5019766388077382,0.0014382473203643324,0.00700146987345799,0.029032675853894015,0.06324224315616778,0.23194609359914742,0.6288306323182579,256.6852657434717,430.5321123759281,741.5184477060865,159.0,57,205.42949581
HSC_1149,0.030887864184040322,0.10815019209985138,0.27332523981634954,0.0038382914754088175,0.010619762231195188,0.028109477995002016,0.061199137099196825,0.18873232765434905,0.3804328572465566,82.2802495105561,142.97389542565685,226.31405697953363,51.0,19,51.49525662
HSC_1155,0.039005420986708984,0.2693554343998408,1.2326465316427457,0.003989589895050746,0.014095446348142446,0.056645504319663774,0.09670434893174185,0.3182716880880697,0.9880154022014788,113.06235311749668,202.5894288232324,399.230718173425,96.0,33,73.10462565
HSC_1179,0.02762304937724066,0.16572082516412417,0.3345414886430084,0.005128465121401363,0.020680241667417096,0.053936699459881755,0.20386808483272228,0.6594102245429401,1.269063710058323,201.38918297547136,334.599409357085,673.3744130510365,55.0,13,62.39202191
HSC_1224,0.057946607144032235,0.22792601666111545,0.5376306410786179,0.0017617715912733765,0.0065028219266879,0.025404037748043902,0.06778695850027001,0.24693673809022354,1.201912325246448,55.17812389527751,116.09324216090316,242.5039907868968,139.0,40,75.53895084
HSC_1261,0.2961462660474275,0.924095853509543,1.637722354198708,0.01247621826267741,0.054948460404082904,0.07403299147820785,0.10600959056690207,0.3106585569252201,0.5316825821413523,76.88588363605604,165.9236298312975,367.3682504603322,81.0,7,70.57911226
HSC_1288,0.08530473877615666,0.3376659767408689,0.805796131774006,0.001529883051778785,0.004515381100569789,0.009453711402213513,0.12930553453466945,0.4310971702481889,0.8779548332642642,80.49066398573184,147.38481478387578,280.81946007202,88.0,30,74.82833918
HSC_1303,0.14830636359981905,0.6114432497938302,1.0445403019822965,0.013371458732478797,0.029348192075407384,0.054624037417740426,0.13082707881262556,0.477976501820231,0.8906053244795084,176.0782040979341,275.13939627948616,465.675286037667,85.0,12,64.01064151
HSC_1314,0.1836073219147915,0.8116379401765155,4.4299802674569175,0.0015548256456934292,0.004999504575883471,0.020743366958561087,0.28681208767896693,1.1349803426621308,3.157659862776031,73.67280238936756,117.47974089428205,199.4544774469645,116.0,41,73.63965604
HSC_1326,0.16502577520233164,0.6494232883956013,1.3052440267063725,0.004902150387943673,0.017721386352955587,0.037956779136047065,0.11974188783234037,0.3871166667290601,0.8065959580472195,128.43562102401776,240.2584384126109,407.6421467201211,73.0,20,89.23832596
HSC_1330,0.11573069044747865,0.36394773745329584,0.975804118332417,0.0021109386163903933,0.006867512317356274,0.0249679612917582,0.03888298212833835,0.1659874725786244,0.3969433177232038,128.01664169166688,238.5140077958384,400.2357700544677,67.0,25,105.6284931
HSC_1340,0.11413100497807982,0.4156008483443053,1.5904364376756706,0.001129372065671599,0.003901775145283197,0.008819779935655137,0.25845416593901466,0.9345827308897768,2.6593750245562378,14.679953502786647,26.583653648633675,46.85607217626946,194.0,102,50.70857896
HSC_1368,0.12077446304041208,0.6680270438946248,2.4776549680430677,0.004443656451267253,0.01753499636607808,0.056072520215815026,0.4527237669776021,1.507452038816109,4.662398606336375,22.12508103431585,46.78459023056687,95.1645262654606,95.0,31,55.29823186
HSC_1373,0.19592486907802814,0.720335091427116,1.6217566424358063,0.00250572636569128,0.009808327948928192,0.024547905244868714,0.22414352342864347,0.7309759461459471,2.3320119131529307,13.84501816860642,44.49218352840981,99.46726808393872,46.0,21,63.60882633
HSC_1447,0.4044233113095915,1.4376319522874683,3.2149962523520372,0.0012451084035357083,0.005286250706344834,0.013761987546458573,0.08521644056300601,0.2881846912849572,0.6355447465198596,68.353785307,136.80131750375503,261.84660657801953,63.0,19,95.14221413
HSC_1448,0.04478674451748727,0.1485271810727363,0.5199718380721876,0.0012318992819663544,0.0035603506496253066,0.010590149648578535,0.13181068327752885,0.511596709084321,1.5223624434439817,104.79140421872468,207.80091713696305,444.0134132883144,65.0,28,50.31807203
HSC_1478,,,,,,,,,,185.16547347203823,316.48515216781976,520.0366356723847,49.0,1,62.94818341
HSC_1481,0.12984339387215713,0.665104811356526,5.4898850530828245,0.0018517429529100217,0.004358700695071425,0.00815291230503573,0.13954712927537938,0.7953117166618227,4.9207447523384,12.401940687646173,25.65060837129487,43.83677032504011,40.0,10,57.49180149
HSC_1542,0.37324787302462376,1.2879654451648659,3.439203792374158,0.0058655473908379736,0.02790517826797158,0.06250589182257751,0.3049894956034053,1.0150843675013599,2.4018121118280806,97.4585801584718,179.30267549144233,344.40338396478086,175.0,58,52.91705583
HSC_1555,0.12063045959788724,0.38774919746827313,1.032756806026811,0.002819972802557873,0.008774206868781928,0.01754113975113393,0.055684854914139235,0.16872329435217348,0.5083280468876323,68.57230371281933,128.04405226700896,238.4422602741536,74.0,29,64.72487502
HSC_1630,0.17366720634769772,0.6399222077032956,1.7347796581400015,0.0023604270812621103,0.00961002045480783,0.0371202592305725,0.07407350453458196,0.4005042670282538,1.3011004883219779,97.72624682101804,165.86989509980887,404.6339699655211,94.0,36,90.04542296
HSC_1666,0.19194426588061209,0.6709857770701025,1.7652082045341615,0.004783399078779899,0.017635876012911462,0.08642575997604246,0.06561039036967867,0.2385125573676252,0.5004488717743351,122.54321213876676,248.7307847078853,465.9483948854208,110.0,30,91.86204046
HSC_1711,0.4270276002581921,0.5055845866110185,0.7856462705747285,0.042296133206485086,0.10774137508111672,0.11557281625052526,0.12941632443536033,0.22819252964561276,0.2850864796023038,74.52345823924283,261.00874592817746,934.0052341154596,26.0,3,83.61498374
HSC_1733,0.13405989150900333,0.9201130814033424,2.460788161586821,0.00402386650129106,0.024058443314194815,0.09712816795183768,0.11319356121215601,0.48617654262813764,2.6304119869724976,32.65236104858279,64.34821882122313,138.13799558494966,65.0,24,52.18021235
HSC_1743,0.24191164148638195,0.964884469271425,2.283956407408309,0.009451529888842139,0.03303692187714967,0.09021540179026166,0.3226227771454325,1.1768819190194084,3.0291983101248965,71.71474524607193,129.2928920644579,231.1802505077706,193.0,59,56.29130984
HSC_1746,0.04723340745916982,0.2484622196058131,0.7339155859923217,0.0024337604325953637,0.011200524515286171,0.04123449800550148,0.09780864940471995,0.353917589513597,1.1833633351515147,97.30963420258456,179.47363543023533,349.6676058815532,115.0,45,79.2432258
HSC_1923,0.1749479727376476,0.8317482359526063,2.790192856912661,0.0037040620801599617,0.01778270704903194,0.055530978980469346,0.12995591104861365,0.6002753404520231,1.9558200425089622,38.71682005426196,85.42201466898123,154.30610182943238,69.0,28,77.9344806
HSC_1964,0.1409150694758749,0.5516281796727122,1.6317111790681107,0.007377085110444925,0.02993675336656917,0.10171796884676364,0.18266886412035246,0.7193581147976205,2.2361364164142343,43.354618600670086,87.8387223172756,151.42205296180978,257.0,110,59.46379508
HSC_2077,,,,,,,,,,4.115574142920451,8.608754836793226,16.825440766092676,37.0,1,56.41199257
HSC_2120,0.1184638003135668,0.41788690205136614,1.9067725693679818,0.008235321126807232,0.09209780820926448,0.3524555859332716,0.04353193002021705,0.21527475882222827,0.5014024553311492,83.68341021767033,195.9928102043029,376.38150977054687,39.0,11,53.07876516
HSC_2126,0.09615116488487381,0.3232129693709923,1.0861511872639065,0.006431587790889697,0.02772183130011492,0.07476137537102165,0.11906097881210834,0.4010507383886076,0.8983235237885112,38.4605747506055,64.76943818990885,127.46600074437632,82.0,28,58.25157201
HSC_2196,0.2086859908584736,0.6053931972655451,1.425569820306398,0.008849891693739433,0.030078803763388486,0.13764909446606766,0.1013373648463273,0.27991428454934647,0.5321365297727992,90.36690119864144,194.86138274607416,428.41017792172056,66.0,17,61.73454795
HSC_2215,0.35940743357324073,1.4373851760144978,4.018080574137524,0.008459523980769832,0.033524170751535645,0.09814539127767842,0.06606877191796826,0.22938752765425804,0.4932055789838672,34.1231118739385,57.55659850852463,102.93176030493608,148.0,63,51.10892052
HSC_2282,0.21773239918438428,0.7267802754144104,1.7336872940586137,0.004525472784860366,0.01732477426321432,0.05803931912186227,0.06677408061678551,0.249630298469821,0.4749435158812481,79.23084906492653,148.16946746881902,330.5067244387681,96.0,20,75.63092363
HSC_2283,0.05404209025969882,0.23449930290862595,0.6356116472693482,0.0061797576525036745,0.02748021190550374,0.06360362067631312,0.30688938952899275,1.0668682218726695,2.435765612280594,177.35684724083822,373.187484080807,787.3740729096761,87.0,42,67.43609128
HSC_2297,0.32024720199697465,0.9956253735765666,1.8579940101469505,0.014333243036144215,0.04331724169068586,0.094123505576852,0.11425005558320617,0.3387625324825723,0.7635651390105713,44.71704739921689,96.29975229030345,169.6508656535485,59.0,12,57.02656716
HSC_2303,0.11029398135388285,0.4324317385726462,1.1399356590124248,0.0038977789419752246,0.019433580554792745,0.06754349409357834,0.06927468648752827,0.23756424982384178,0.5962287319274376,41.002255730799774,79.54258853151742,138.63119280699024,153.0,68,70.87624738
HSC_2310,0.15101528110426868,0.752809441707964,1.4330458556164618,0.49302627416820194,0.8612357029325762,1.7853389967111737,0.14720109435306475,0.5590516991066541,0.9971367494592638,22.08685347195677,108.97941191663264,488.4926459675218,162.0,4,596.18579728
HSC_2387,0.2842874516800895,1.173847080516762,3.865110865492872,0.007568510372461965,0.02996574266276142,0.15678038990101933,0.10085014647520545,0.3589630673096157,0.9157426076782106,53.8948019079311,98.73092138672732,190.21025596567128,199.0,47,64.52618827
HSC_2407,0.06249877438579892,0.2169923707331703,0.583634969159448,0.0027841681827484306,0.009898253537819516,0.028262977248367897,0.09526273260990388,0.3278484694940975,0.7751853033912335,80.96930844433406,144.49981464230444,255.5828684552156,81.0,37,60.80411077
HSC_2445,0.1980036671168546,0.6740305851287752,1.6853411608774538,0.005264459202302913,0.018723899645087663,0.04279195494821661,0.05713992844830088,0.20881038269305985,0.45783790627584536,66.58562337996916,114.4893078941519,233.01811247204543,150.0,55,110.71640212
HSC_2452,0.08678420217853713,0.3569250888284505,1.7408391004773724,0.009562329846766112,0.028146577637955257,0.08806615753315798,0.057986412463955056,0.15710580513532332,0.3143248316951675,85.03922820816516,154.6724874752642,313.7625457223247,71.0,14,51.75985458
HSC_2453,0.26859790684864643,0.96329485516022,3.6194296206110965,0.006583478396785928,0.035512941057464026,0.1452809765755443,0.1468673312686404,0.5312830268720893,2.2799043136274633,11.675718885501174,23.00183691822946,43.24565307507335,156.0,42,85.94137128
HSC_2462,0.22729435258769534,0.6871634595961855,2.3982066225890994,0.005903285488050361,0.017974047886229926,0.04786152514811017,0.2028079247410444,0.7371693219908679,1.6195571350624385,19.55390676077561,39.71457414330558,67.35023260991035,87.0,22,65.82044879
HSC_2483,0.23061180623981836,0.6282119546482157,1.3415979129453537,0.0029958510044275663,0.01232659240062441,0.06748737645859328,0.02250147569558011,0.06754419261573645,0.5815709284568584,221.3470304800113,395.2413008409961,825.511732484758,63.0,19,95.7876299
HSC_2585,0.4224772826449612,1.7983995962226034,4.058884949680638,0.016144626523894045,0.05378054566668378,0.12464062023832888,0.10168568622795493,0.5171945433443679,1.2442786258325258,37.337888116446656,65.19602836034943,130.38902864814764,70.0,22,63.17608015
HSC_2597,0.26264015792290685,0.8686532579295684,2.295836933086137,0.007300074473431248,0.02452393879424292,0.08928814879970345,0.216171637706073,0.8041684385366561,4.163236097458373,16.361561533165755,35.45592499598588,57.97290723649037,91.0,38,63.02123224
HSC_2718,0.08524778599554009,0.3252432044487041,1.1673995692374664,0.0015425240769559876,0.005596255739757734,0.01854116039067245,0.03746816686281126,0.12806946927906784,0.3718199852988165,56.93985934479524,110.99595699827135,214.39136037090068,80.0,30,81.15289077
HSC_2810,0.2632257514715041,1.1299598407277895,2.68451899977416,0.0033994150605124816,0.015508710726927435,0.033859750892351846,0.029709915256621384,0.11572213923659533,0.28879479349805376,46.06161277146232,85.29474398741961,149.38135001440537,72.0,26,50.16895715
HSC_2854,0.1666407384587667,0.7936175543815068,2.049040235494589,0.003589454843699257,0.01637093873516802,0.05984340850182856,0.030254876814428174,0.10787347422986776,0.24870037995697172,123.26326297107164,192.88579705552087,336.814267505479,29.0,17,50.09535678
HSC_2873,0.07681286712576484,0.291805241321441,1.8164615450729158,0.002096251731327176,0.007606098703743472,0.023588578634249253,0.03971447704370958,0.155467410802713,0.4158910782138298,184.1675073080858,304.01492153882725,510.74517199862487,120.0,44,79.26427039
HSC_2953,0.317247154543572,1.244302411430854,5.313994185801975,0.0017395038613351268,0.006705308252819695,0.041719258091689984,0.06667789014254383,0.2196062916609516,0.47736077820418527,128.7804475322033,218.29946934387937,391.3244017742051,54.0,22,75.39319263
LISC-III_3668,0.3330298989204039,1.2182537397940125,3.4085951613570007,0.008510840946692027,0.031136703598805583,0.08500765289474825,0.07143789235637853,0.2558764235418195,0.5536919789434125,16.580270820683033,28.721784542358968,48.52340067428116,356.0,118,54.23069444
OCSN_10,0.21429211170817689,0.7163469353338756,1.9606966885245785,0.006086672637032742,0.021149462447630045,0.06784950412452842,0.04693615434699874,0.14657415721642458,0.41471538224159915,28.630634976061536,54.54966527049288,89.94057298428572,121.0,40,93.37968482
OCSN_88,0.14857289588189904,0.6413789052960597,2.5587777218767043,0.006794023146884126,0.032352226841646535,0.12412651369305931,0.1445011142780276,0.5398192645953388,1.5032789045603268,114.9941162611962,211.72646667461504,453.6332713334886,333.0,169,224.47525367
OCSN_99,0.05143910002971836,0.24426412137190992,0.8050543487408458,0.001833873301379276,0.00789875186689061,0.03276031874038932,0.09808205172653542,0.3270177867401736,0.7393493145899359,53.12365040011996,92.94523932039638,206.00423565792917,196.0,75,82.83722756
Ruprecht_17,0.30548925727786425,1.048051458094974,2.3973989066921404,0.017693235710561105,0.044734721047070464,0.10017122207076275,0.0893476293202455,0.3974124550262009,0.786462483384967,68.94736449928432,110.41046272721402,210.99823867294612,65.0,15,53.32915794
Theia_53,0.30817575854899903,1.0433630649262213,2.766046257303025,0.009773122948444858,0.035177109374353165,0.10399690023307767,0.4233070412719934,1.4375116757893842,3.831121404482245,18.728413522654964,35.729674519306066,64.27824046566961,123.0,52,89.42823358
Theia_78,0.06437284449609398,0.23439957227660801,0.7937507227755287,0.004795422087186992,0.0147656486325345,0.030718034968420082,0.028839676938911443,0.09331887554213028,0.2505231292507525,74.37721799865749,153.66684688330466,303.9962245735371,60.0,16,78.4054832
Theia_169,0.253382109866572,1.003996906618299,2.4552473032695943,0.003534812228051144,0.012505414496427713,0.03488057768056377,0.04113086326982251,0.14501329482642109,0.362837432838212,77.75997817066592,161.65479828696604,262.12677842670684,250.0,86,123.54269219
Theia_171,0.0645410706805519,0.4677270429701445,1.0169560782378841,0.009798991565024255,0.05130880752816969,0.11288387179989498,0.04760746940205535,0.18411212158320475,0.4327848223963543,68.46141639614062,136.69261441279065,236.7575406323554,88.0,30,90.93568146
Theia_180,0.10328418523480877,0.48526453595022795,2.115146526342373,0.008928560441748869,0.06279532892280942,0.1320568942707842,0.0505457895944438,0.24106405989822266,0.5451861383784885,143.8280492082434,314.8634284230066,656.2424047731536,76.0,18,69.31667002
Theia_189,0.36805996416050324,1.3109195163153007,3.133894879413899,0.005935515301526989,0.023054951844028074,0.05250769318103104,0.09476840353357009,0.2931549090681206,0.5967194310811511,141.53493506829622,252.2137038754801,410.5527731564213,104.0,24,58.11237004
Theia_229,0.06054546478798892,0.2173341895574028,0.780080545580735,0.002004602956838433,0.009427734285867366,0.03137864187678628,0.05360654655744384,0.19082092320352173,0.40612536254402365,60.80647811613055,130.70608603578853,225.90790599999437,185.0,45,62.18821495
Theia_247,0.08670423345669064,0.32119794158348436,1.8108126343422564,0.007578787711451641,0.0328003988840309,0.14261328229564618,0.0982766054135672,0.35792719240042903,1.206726973024189,44.719943893034994,84.81338758785175,155.7618189031176,190.0,62,70.22817023
Theia_272,0.09371471250649425,0.30606105134294315,1.4712771934073192,0.0163264893796978,0.04533225607966128,0.09838436221970599,0.019663808253226955,0.13715364393431026,0.3154160959463467,86.95648376723028,160.37908817727805,295.27732648894545,61.0,16,57.00075832
Theia_323,0.2282493355081123,0.8941913167760913,1.9592918497801737,0.007536058441209142,0.029140889614422842,0.065878055272522,0.031124720235924514,0.12458065658984913,0.3736676519477909,73.11420296317735,127.79770064424385,220.99249240051944,105.0,42,77.07336562
Theia_379,0.28382634613596086,1.0046168300043399,2.8223852056787964,0.00250060198176566,0.009440551424239432,0.032838952778322474,0.025323794743966607,0.08885661002429848,0.25161770366324476,73.44730417760825,139.81079653592803,268.0342113223919,176.0,66,137.88306267
Theia_390,0.09083180001053649,0.3290033227049567,1.1660450982162254,0.0015028200635683702,0.0050774729057674415,0.013947178376562615,0.046340841507439993,0.16628058171854715,0.4224753568722534,91.08941019031352,165.18055842636622,288.62808639253325,255.0,93,98.73666159
Theia_446,0.2556351411904602,0.8980965237869433,2.5222729786707743,0.0041751796368898605,0.014799977945862077,0.04202960772899829,0.14103735555324898,0.4555700203081037,0.9570628508885124,41.352503778363776,80.41147342260814,132.916540773617,135.0,49,79.60140667
Theia_619,0.12633335791989214,0.43872434853879494,1.2000961829117858,0.00786935328164077,0.02375203134198006,0.06663637856412401,0.055760458232914645,0.22278638324222,0.42965856370879213,48.341112406618265,81.91563269847416,146.23665011664752,74.0,23,61.15577244
Theia_625,0.07276153510379216,0.2830351280041151,1.1535826724462077,0.004688902388031151,0.017274054303089648,0.05807399414213419,0.06852108992883245,0.22685192709166563,0.5523348574365112,99.72413546866044,166.12523947460667,337.79642578427246,104.0,32,97.74170933
Theia_638,0.01759970231063402,0.060416521044880614,0.16255559617882925,0.0035764773012049228,0.012974981104746201,0.04339029125913404,0.05290421141464658,0.16756013661248606,0.3732987321675194,89.56098678502372,166.64680436345364,283.05505810763043,93.0,38,61.89117382
Theia_654,0.07253715613549358,0.25106897669647166,0.5907426115788145,0.0072177074432802765,0.02282550301403928,0.05753324891285549,0.12194723412121021,0.4073570952267027,1.254127465834563,68.06089566371287,113.70559627836968,195.00285507515704,161.0,49,140.24674884
Theia_713,0.023776241047697738,0.08361795020346974,0.18893263701749216,0.0040927016279470926,0.013742291624188522,0.03238105597934833,0.05083012939680027,0.16639205585789926,0.3293585004838432,186.91436514691637,327.5318513263267,627.2360193849763,117.0,33,94.29856406
Theia_714,0.14938750745038623,0.5682807263226138,2.287727062874487,0.005071028995279161,0.019393991678117745,0.06081976336084407,0.09627791851264011,0.30851663738840485,0.6729697519792082,53.68325614657231,100.3680531096988,188.25392075656023,108.0,38,50.83260417
Theia_828,0.11561357569038265,0.4314582623088563,1.3818919886387837,0.0038458752586555157,0.012291187446362343,0.031944629275800315,0.11037648444367226,0.32835812217139043,0.7303862201243012,49.178613449488736,84.22398385279234,145.37122495858077,56.0,19,70.59484754
Theia_834,0.06482152924434724,0.26266322991045155,1.0618054688807348,0.0010231227671845086,0.0035037531890958033,0.02625980960676252,0.07482065331248988,0.26348197433617626,0.6904500835659237,135.93500264914422,218.29155772739352,417.71872140287326,61.0,21,59.40304742
Theia_865,0.06405099874810274,0.19331890686026137,0.590818882635996,0.006316577032770779,0.022502614672078626,0.04406841303858537,0.0747801654027255,0.2606441673799841,0.5155725099179879,81.29239523765787,135.81997931846934,237.9270719586183,48.0,21,62.72556435
Theia_943,0.11448276144113775,0.39914705446611354,1.3084067586986674,0.0015106907778995602,0.005668464911143139,0.014803814534805056,0.0788695666216415,0.27511548093800764,0.6108977295627388,84.9169095206601,153.3200139157186,247.52635124423853,93.0,38,142.12242089
Theia_953,0.1667853624659284,0.7697647291796005,2.16868995731766,0.012974701492926928,0.04329351843193232,0.11122290765491015,0.2130505013208677,0.7112695903498761,1.4639964614251686,19.290210641748292,35.589097916487304,64.96840129075451,147.0,34,64.0309179
Theia_1297,0.35094855743614284,1.2756881842714587,3.463646904330674,0.006522849787779227,0.029290015737141357,0.07384585578253824,0.06436995028087779,0.20056354217536052,0.4425132314480354,249.27949145110765,406.7336930234043,681.641745675433,75.0,35,78.58609101
Theia_2468,0.72513293495941,2.660129729342946,8.743855753385592,0.015049745688597568,0.04773848240305433,0.12189724955934733,0.11780787500106074,0.43565291535137773,0.8916722164970555,70.53565441647035,120.57501926950292,218.3347031430159,90.0,21,54.56077505
UBC_4,0.08260052506519076,0.42291901392522635,1.3155576976433967,0.002506160000519025,0.008586789477253574,0.023654131628184756,0.061972129774582475,0.20247339780145046,0.4194866139107478,122.4356214675268,206.33087978847783,336.06881915067004,117.0,52,53.57927203
UPK_303,0.09251920298398135,0.4046358843878008,1.3426015424993316,0.00387013940047917,0.017054750753007213,0.07769732249556266,0.2057421300987867,0.7294163618001497,1.7168020521184768,53.887761083248506,111.00692437643164,204.79140238341836,261.0,83,64.22862228
UPK_350,0.049978240536315645,0.1723846712429638,0.4451055874397651,0.0007474648271662542,0.0030191996203145183,0.007311748276844082,0.025114789087885284,0.0898384225359112,0.18264697319692544,93.54091849315328,200.13978550298103,377.26027762064297,97.0,30,55.86829579
UPK_526,0.5160966403334422,1.9057429678479552,6.153007176728645,0.009819702783028355,0.03480445300323899,0.08965815883469588,0.09141812589161473,0.2797324034114067,0.595901300676922,16.289450339186676,29.21478132976633,47.41994216915617,173.0,44,53.31139221
beta_Tuc_Group,0.09807119149979983,0.4441204370787365,1.6687576258263819,0.0025223841186735436,0.01002460809954962,0.03636338268466488,0.1807314296080328,0.714924267364135,2.188561905096306,16.117522308613264,31.3978109361324,57.00954698718936,304.0,177,172.40567681
